name,text_type
狼烟北平,剧情
毛舜筠中最佳女主角娱乐,传记
玩伴 ,剧情
熊熊乐园 ,动画
爱情是从告白开始的第集,喜剧 爱情
将军在上 ,剧情 爱情 古装
女医明妃传 第集,剧情 古装
巨浪 ,剧情 冒险
赛季CBA总决赛,真人秀
米雅的精灵王国 ,短片 奇幻 冒险
突围行动国语版,剧情
地雷战 ,剧情 战争
和平饭店,剧情 悬疑
东南卫视,真人秀
爱人同志 ,剧情 战争
HD我的父亲我的兵 第集,剧情
魁拔妖侠传 ,动作 动画 奇幻 冒险
西游记TVB版第二部国语版,动画
小猪佩琪 ,剧情 动画 家庭 儿童
超变武兽 ,动画 战争 冒险
无敌铁桥三 ,剧情 古装
寻秦记 ,古装
金太狼的幸福生活,喜剧
湖南卫视高清,音乐 歌舞 真人秀
爱情上上签第集,喜剧 爱情
四川卫视,音乐 歌舞
吉林卫视,喜剧
熊出没之探险日记 ,动画
胭脂水粉国语版,剧情 爱情 家庭
奶奶再爱我一次 ,剧情 爱情 家庭
我爱发明,纪录片 真人秀
猪猪侠之梦想守卫者 上部 ,喜剧 动画 奇幻
阿贡中文TV版 ,剧情 动画 悬疑 犯罪
IPTV,喜剧 短片
武林风精编版,剧情 历史 战争
电影银翼杀手美国,剧情 科幻 惊悚
小猪佩奇第一季,剧情 动画 家庭 儿童
猪猪侠之超星萌宠 ,喜剧 动画 奇幻
猎车兽魂 ,科幻 动画 儿童
穿越火线第集,剧情 动作 科幻 战争
IPTV相声小品,喜剧
北京青年 ,剧情
好久不见,剧情 爱情
美好生活 ,剧情 爱情
精武门 ,剧情 动作 爱情 惊悚
长在面包树上的女人 第集,剧情 爱情
风筝第集,剧情 犯罪
浙江卫视高清,音乐 歌舞 真人秀
蜀山战纪剑侠传奇第集,武侠 古装
安徽卫视高清,音乐 歌舞
长沙保卫战,战争
武松 ,武侠 古装
云巅之上第一季第集,剧情 爱情
标清 电影芭比之真假公主美国,喜剧 动画 歌舞 家庭
金鹰卡通,脱口秀
电影堡垒美国,喜剧
江苏卫视高清,歌舞
东方卫视高清,音乐 真人秀
上海王,剧情 动作 爱情
夜宴,剧情 动作 古装
新水浒传第集,剧情 动作 古装
机变英盟 第二季 ,喜剧 动作 奇幻 冒险
黑狐之风影,剧情
海峡两岸,剧情
海上嫁女记,剧情 爱情
动作影院测试,动作 科幻 惊悚
咱们相爱吧DVD版 ,剧情 爱情
欢乐饭米粒儿,喜剧
妻子的谎言,剧情 家庭
亲家来了,剧情 历史 战争
HD国家底线,剧情
巴啦啦小魔仙之飞越彩灵堡 第二季 ,儿童 奇幻 冒险
熊爸熊孩子 ,剧情 家庭
 生活麻辣烫 前任归来,喜剧 爱情
情满四合院,剧情
CCTV,纪录片
超级飞侠 ,动画
初心 ,剧情
学警出更国语版,剧情 犯罪
喜羊羊与灰太狼之发明大作战 ,动画 儿童
恋爱先生第集,剧情 爱情
赛季NBA季后赛,剧情
钻石豪门 ,剧情
喜剧影院测试,喜剧 科幻
超级飞侠第三季 ,动画
暖男的爱情与战争 ,剧情 爱情 家庭
新三国第集,剧情 历史 战争
魔都风云,剧情 爱情
你是我的鱼,剧情 爱情
贵州卫视,音乐 真人秀
恰克大冒险 TV版 ,剧情 动作 动画
回到三国国语版,古装
古装剧场测试,剧情 喜剧 古装
电影巴黎危机法国美国英国,剧情 动作
剃刀边缘 第集,剧情 战争
致单身男女,剧情 爱情
巨浪,剧情 冒险
因为遇见你,剧情 爱情
金牌投资人,剧情
百变星球历险记 ,动画
金牌调解,真人秀
窃听风云Ⅲ,剧情 动作 悬疑 犯罪
生逢灿烂的日子,剧情 家庭
远大前程,剧情
红色 ,剧情 战争
渝乐耍大牌首,短片 音乐 脱口秀
HD异兽来袭国语版,剧情
比得兔 ,喜剧 动画 冒险
HD海上嫁女记 第集,剧情 爱情
辛追传奇 ,剧情 历史 战争 古装
大军师司马懿之军师联盟 ,剧情 爱情 战争 古装
帮帮龙出动之恐龙探险队 ,动画
笑傲江湖版国语版,动作 武侠 古装
终极使命,剧情 战争
HD南极之恋国语版,爱情 冒险
一站到底,真人秀
奶奶再爱我一次,剧情 爱情 家庭
逗逗迪迪爱探险 ,动画 儿童 冒险
贝瓦儿歌 第二季 ,动画
微微一笑很倾城 ,剧情 爱情
无敌县令,剧情 古装
后海不是海 ,剧情 犯罪
星影测试,动作 科幻 冒险
到爱的距离new,剧情 爱情
电影刺客联盟美国,动作 惊悚 犯罪
雪豹坚强岁月第集,剧情 战争
边关烽火情 第集,剧情 爱情
恋恋不忘 ,剧情 爱情
烈火刀影,剧情 爱情 历史 战争
精彩音乐汇,音乐 歌舞
HD一个鬼子都不留,剧情 战争
HD通天狄仁杰 第集,音乐 舞台艺术
择天记 ,剧情 奇幻 古装
舞法天女朵法拉第一季,喜剧 音乐 歌舞 儿童
深圳卫视高清,脱口秀
自然传奇,纪录片
哈喽葡星人,儿童
辽宁卫视高清,真人秀
万家灯火,剧情
家和万事兴DVD版 ,剧情 家庭
渝乐耍大牌重,短片 音乐 脱口秀
巨神战击队TV版 ,动作
HD米奇妙妙屋第四季,喜剧 动画 家庭
急诊科医生 ,剧情
英雄使命,动作 战争
我的父亲我的兵,剧情
八九不离十 ,剧情 爱情
阳光下的法庭,剧情
十月围城 ,剧情 动作 历史
千方百计爱上你第集,剧情 爱情
秦时丽人明月心 ,剧情 爱情 古装
体育世界,纪录片 运动
比得兔第二季 ,喜剧 动画 冒险
加菲猫的幸福生活 第四季 ,剧情 喜剧 动画
县委书记 ,剧情
熊出没之冬日乐翻天 ,动画
凤囚凰大结局,剧情 爱情 古装
养母的花样年华,剧情 家庭
风筝,剧情 悬疑
舌尖上的中国Ⅰ,纪录片
嘎巴宝宝第二季NEW,家庭
中国新闻,纪录片
十七岁的雨季,剧情 爱情
标清 电影绣春刀Ⅱ修罗战场,剧情 动作 武侠 古装
还珠格格第一部 ,剧情 喜剧 动作 爱情 古装
猎豺狼,剧情
电影做次有钱人,喜剧 爱情
东方看大剧,纪录片
捷德奥特曼 日配版 ,动作 科幻 动画
下一站婚姻第集,剧情 爱情 家庭
凤囚凰,剧情 爱情 古装
宝宝巴士之奇妙数学大冒险 ,传记
裸婚时代 ,剧情 爱情 家庭
HD武媚娘传奇,传记 历史 古装
神机妙算刘伯温,剧情
天下足球,脱口秀
小楼又东风 ,剧情 爱情
山炮进城,喜剧
我爱男保姆 ,剧情 喜剧
飞哥战队 ,剧情 战争
血色黎明,剧情
仙剑奇侠传 第一部 ,爱情 奇幻 武侠 古装
怎么会爱上你 ,喜剧 爱情
云南卫视,剧情
综艺喜乐汇,真人秀 脱口秀
开心剧场女汉,悬疑
复合大师第集,喜剧 爱情
双星之阴阳师 ,剧情 动作 动画
熊出没之雪岭熊风,喜剧 动画 家庭 冒险
鹿鼎记 ,喜剧 动作 古装
冷暖人生,剧情 战争
永不放弃 ,剧情 运动
标清 电影X战警：第一战美国,剧情 动作 科幻
映山红 ,剧情
飞天小女警第四季,喜剧 动画 儿童
HD暖爱,剧情 爱情
爸爸父亲爹 ,剧情 战争
我不是精英 ,剧情 喜剧 爱情
你好旧时光第集,剧情 爱情
HD和平饭店,剧情 悬疑
撒娇女人最好命,喜剧 爱情
魔幻陀螺第二季 ,动画
动画测试,剧情 动画
摇滚萝莉 第季 ,动画
头号前妻,剧情 爱情
爱情万万岁,剧情 爱情
经典电影,纪录片 历史
梦幻镇 ,动画
酷爸俏妈 ,剧情 家庭
新乌龙山剿匪记 ,剧情
小马宝莉大电影之无尽森林传奇,喜剧 动画 冒险
爱情公寓 第三季 ,剧情 喜剧 爱情
千金女贼 ,剧情 爱情
美食大冒险 第二季 ,动画
你是我的姐妹,剧情 爱情 家庭
喜羊羊与灰太狼之深海历险记 ,动画 儿童
大劫难国语版,剧情 惊悚 犯罪
士兵突击new,剧情
彩色童话故事 ,动画
三国机密之潜龙在渊 ,剧情 古装
森林小卫士罗布 ,动画
乡村警察故事,剧情 动作 犯罪
金牌笑话团 第四季 ,真人秀
HD包青天之七侠五义,剧情 古装
欢乐颂 ,剧情 爱情
电击小子 第一季 ,动画
守护者世纪战元,动作 科幻
标清 亮剑 铁血军魂 第集,历史 战争
西部世界第一季 ,科幻 西部
欧布奥特曼 ,动作 科幻
爱的创可贴 ,剧情 爱情
一仆二主,剧情 爱情
绝命追踪,动作 犯罪
狐影第集,剧情
动物兄弟第一季 ,喜剧 动画 儿童 冒险
纸婚,剧情 爱情
熊出没之春日对对碰 ,喜剧 动画 儿童 冒险
爱情最美丽 ,剧情 爱情
警中警 第二部 ,剧情 犯罪
快乐大本营,脱口秀
神机妙算刘伯温 DVD版 ,剧情
TICO动漫空间,科幻 动画
兽王争锋之原石之力 ,动画
东方战场第集,剧情 历史 战争
HD李雷和韩梅梅国语版,剧情 喜剧 爱情
赛尔号 第三季 ,动画
美丽中国乡村行,纪录片
醉玲珑 ,剧情 爱情 古装
HD锦绣未央第集,剧情 爱情 古装
蒲松龄国语版,纪录片
内线前传第集,剧情 爱情
隋唐演义第集,剧情 历史 古装
我的抗战之猎豹突击,剧情 战争
甜心格格 第二部 ,剧情 喜剧 动作 爱情 古装
名侦探柯南 ,动作 动画 悬疑 惊悚 犯罪
金牌熊猫 ,剧情 动画 儿童 冒险 运动
三生三世十里桃花 ,剧情 爱情
热播剧场,动作 动画
凡人有乐,动作 科幻
好家伙第集,剧情 犯罪
新闻大求真,儿童 真人秀 脱口秀
火力少年王之悠拳英雄 ,动画 战争 冒险
千金女贼 第集,剧情 爱情
蚂蚱,剧情
东江英雄刘黑仔 ,剧情
变形金刚领袖之证全集国语版 ,动作 动画 冒险
小草青青,剧情
勇敢的心,剧情 动作 传记 历史 战争
穹顶之下第二季 ,剧情 科幻 悬疑
广东卫视高清,脱口秀
盲约 ,剧情 喜剧 爱情
我们的爱第集,剧情 爱情 家庭
海底小纵队 ,动画
中国蓝剧场,纪录片
飞虎国语版,剧情 动作 悬疑 犯罪
幸福一定强第集,剧情 爱情
电影蜘蛛侠：英雄归来美国,动作 科幻 冒险
HD左轮手枪第集,剧情 犯罪
美人私房菜 第集,剧情 古装
闯关东前传 ,剧情 历史
神龙策,剧情
十大奇冤new,剧情 武侠 古装
我家有喜 TV版 ,爱情 动画
标清 电影破戒,动作 惊悚
黛玉传,爱情 古装
乙方甲方 第二季 ,喜剧
第一声枪响,剧情 战争
天天向上,脱口秀
海豚第剧场,动画 悬疑 冒险
企鹅部落 ,动画
小猪佩奇 ,剧情 动画 家庭 儿童
电影妖猫传,剧情 悬疑 奇幻 古装
非诚勿扰,喜剧 爱情
HD红色通道,剧情 战争
最美是你 DVD版 ,剧情 爱情
保持清醒,剧情
巨神战击队之超救分队 ,科幻
山东卫视高清,音乐 歌舞
终极一班 ,剧情 喜剧 动作 科幻
爱来的刚好 ,爱情
游击兵工厂 ,剧情
电影轩辕大帝,剧情 历史 古装
我爱你再见 ,剧情 爱情
战长沙,剧情 历史
城市剧场测试,动作 动画
三个女人一个因国语版,爱情
 凡人有喜 我的幸福我做主上,剧情 家庭
云巅之上第二季第集,剧情 爱情
功勋,剧情
HD赌侠大战拉斯维加斯R国语版,喜剧 动作
黄金秒,歌舞 真人秀
飞刀又见飞刀  ,剧情 动作 爱情
生死连,剧情 战争
爱探险的朵拉 ,儿童
守婚如玉 ,剧情 家庭
欧冠开场哨,运动 脱口秀
帮帮团向前冲 ,动画
HD夜市人生,剧情
玉海棠,剧情
陕西卫视,歌舞
华胥引之绝爱之城第集,奇幻 古装
神奇阿哟 ,动画
猫和老鼠 ,喜剧 动画 家庭
神犬小七第二季 ,喜剧 爱情
好先生 ,剧情 爱情
伪装者 TV版 ,剧情 悬疑
幸福还有多远,剧情 爱情
南侨机工英雄传第集,剧情 战争
新白娘子传奇第集,爱情 奇幻 古装
非常,真人秀
家门血斗,动作 古装
苍狼,剧情 动作 冒险
电视剧场黎明破晓前―,剧情 爱情
HD生逢灿烂的日子,剧情 家庭
电影寻龙诀,剧情 动作 奇幻 冒险
逆袭之星途璀璨第集,剧情 爱情
都市,-
鹿鼎记,喜剧 动作 古装
家有购物,喜剧 家庭
黄大妮,家庭
青年霍元甲之冲出江湖,剧情 动作
俏皮大嘴猫之重返城市 ,动画
镖门 ,剧情 爱情
逆缘国语版,剧情 爱情 奇幻
琅琊榜,剧情 古装
越狱第三季 ,剧情 动作 惊悚 犯罪
神探狄仁杰第二部,剧情 动作 悬疑 古装
王牌对王牌上,剧情 动作 悬疑 惊悚 犯罪
HD白鹿原第集,剧情 犯罪
河南卫视,剧情 动作 古装
再见爱人 ,喜剧 悬疑 惊悚 犯罪
IPTV谍战剧场,剧情 悬疑
蜡笔小新第八部,喜剧 动画 家庭
变形金刚之领袖的挑战 第一季 ,喜剧 动作 动画 冒险
突击再突击,剧情
魔都风云父母爱情,剧情 爱情
反恐特战队之猎影第集,剧情
一粒红尘 ,剧情 爱情
与谍同谋国语版,剧情 悬疑
月供 ,剧情 爱情
精灵梦叶罗丽 第五季 ,动画 儿童 奇幻 冒险
HD杂警奇兵国语版,剧情 喜剧
狭路第集,动作 犯罪
理发师 ,剧情 爱情 战争
步步惊心,剧情 爱情
谜巢,动作 冒险
天网,剧情 历史
台湾新闻脸,剧情 喜剧
小王子 D版 ,动画 奇幻
电影一路惊心,剧情 喜剧
左手劈刀第集,剧情
夏至未至,剧情 爱情
HD御姐归来 第集,剧情 爱情
标清 波斯王子：时之刃,动作 爱情 奇幻 冒险
电影诸神之锤英国,动作
熊出没之冬日乐翻天,动画
遇见王沥川,剧情 爱情
特种兵之霹雳火 ,剧情 动作 战争
电影蜘蛛侠美国,动作 科幻 冒险
左轮手枪第集,剧情 犯罪
标清 美丽谎言 第集,悬疑
三八线,剧情 战争
三生三世十里桃花 第集,剧情 爱情
兵临城下 ,剧情 历史 战争
电影哆啦A梦 伴我同行日本,剧情 动画
老农民第集,剧情
雪豹坚强岁月 ,剧情 战争
普法栏目剧,剧情 家庭 犯罪
爱生活测试,爱情
戏曲测试,剧情
电影狱中情书意大利,剧情 爱情
御姐归来 第集,剧情 爱情
亲爱的 ,剧情 家庭
翻手为云,剧情
大汉贤后卫子夫 ,剧情 古装
兰陵王第集,剧情
破晓 ,剧情
HD芈月传 第集,剧情 古装
谈股论金,纪录片
深海利剑第集,剧情
HD叛徒原声版,音乐
大宋提刑官第二部new,剧情 悬疑 历史 犯罪 古装
勇士之城new,剧情 历史 战争
WWE美国职业摔跤,动作 惊悚 冒险
我的青春蜜友,爱情
甘肃卫视,脱口秀
奔跑吧,剧情
爱情碟中谍 DVD版 ,动作 惊悚 冒险
代号,动作 惊悚 犯罪
奔跑吧巅峰演讲,真人秀
过界,剧情 爱情
新侠客行,剧情 武侠
标清 三生三世十里桃花 第集,剧情 爱情
标清 一切都好,剧情 家庭
刀光枪影第集,剧情
HD果栏中的江湖大嫂国语版,喜剧 爱情 犯罪
二十四小时,剧情 动作 悬疑 惊悚 犯罪
欧布奥特曼原生之初 ,科幻
HD独立日原声版,动作 科幻
麦咭首播剧场,喜剧 动画 家庭 冒险
刀锋下的替身new,剧情 动作 爱情 奇幻
国家记忆,剧情 战争
大城小事,剧情 爱情
下一站别离,剧情 爱情
中途岛之战,剧情 动作 历史 战争
跟红顶白大三元 ,剧情 喜剧
魔弹王 ,动画
半个月亮 ,剧情 喜剧 音乐
光影星播客,脱口秀
人类办事处,动作 科幻
少儿动画,剧情 动画 家庭 儿童
完美男人原声版,喜剧 爱情 家庭
聂小倩第集,剧情 犯罪
丑小鸭与白天鹅,剧情 爱情
擒狼 ,剧情 动作 战争 西部
两生花 ,剧情 爱情
炮神,剧情
左手劈刀,剧情
柠檬初上 ,剧情 爱情
武媚娘传奇,传记 历史 古装
我的前半生,剧情 家庭
HD老男孩第集,音乐 舞台艺术
教父,剧情 犯罪
发条城市,喜剧 冒险
哆啦A梦第八部,动画 奇幻 冒险
雪花秘扇,剧情 历史
西施秘史 ,爱情 古装
将婚姻进行到底,剧情 家庭
覆雨翻云国语版,剧情 动作 爱情
美版午夜凶铃,悬疑 恐怖
开心宝贝 ,动画 儿童
钢之炼金术师FA ,剧情 动作 科幻 动画 冒险
我的小小美猴王 ,动画
爱在有情天 ,爱情
我是你的百搭TV版第集,剧情 爱情
向幸福出发,剧情 爱情
 重庆新闻联播,纪录片
湖北卫视高清,音乐 歌舞 脱口秀
芙蓉诀 ,爱情 古装
TICO欢乐假日,剧情 喜剧 爱情 歌舞
好久不见 ,剧情 爱情
向往的生活精编版,剧情 历史 战争
电影保持通话,动作
奥秘,剧情 情色
破局预告片,动作 犯罪
追击巨怪第一季 ,剧情 恐怖 奇幻
好学生测试,剧情 爱情
北京卫视高清,喜剧 音乐 歌舞 家庭 脱口秀
魔都风云魔都风云,剧情 爱情
思美人第集,爱情 古装
情深深雨蒙蒙,剧情 爱情 音乐 战争
中国骑兵 ,剧情 历史 战争
HD前任国语版,纪录片
平博士密码 ,科幻 动画 儿童 冒险
如来神掌 ,动作 武侠 古装
战火中的兄弟 ,剧情 战争
奇奇探险队 ,剧情 动画 儿童
超级巨星第集,喜剧 爱情
踏破硝烟 ,剧情 战争
战后之战第集,奇幻 冒险
红门兄弟第集,剧情 爱情
铁血尖刀 ,剧情
烽火佳人 ,爱情
帮帮龙 出动 ,动画
一代枭雄第集,剧情
刀见笑,喜剧 动作 古装
HD远大前程第集,音乐 舞台艺术
卡酷动画,歌舞 舞台艺术
巴啦啦小魔仙之飞越彩灵堡 ,动画 儿童 冒险
新大头儿子和小头爸爸,喜剧 动画 家庭
赌侠,剧情 喜剧
炫击勇者之炫击战卡 ,动画 战争 奇幻 冒险
守卫者浮出水面第集,剧情 悬疑
鄂尔多斯风暴 ,剧情
摩登新人类 ,剧情 爱情
碟中谍,动作 惊悚 冒险
小马宝莉第五季,喜剧 动画 冒险
海绵宝宝 第七季 ,喜剧 动画 家庭 奇幻
美人计第集,剧情 犯罪
可爱卡 ,动画
机械姬,科幻 悬疑 惊悚
黄飞鸿国语版,纪录片
赵氏孤儿案 ,剧情 悬疑 家庭 古装
寂静岭,悬疑 恐怖
江湖正道 ,剧情
错点鸳鸯戏点鸳鸯 ,剧情
生死狙击,动作 悬疑 惊悚 犯罪
坐路车回家第集,剧情 家庭
蛋计划欢乐星球 ,喜剧 动画 儿童 冒险
武林猛虎 ,剧情 动作
岁月风云国语版,剧情 悬疑 犯罪
花千骨,剧情 爱情 奇幻 古装
南方有乔木 ,剧情 爱情
罪证 ,犯罪
深圳卫视,脱口秀
果栏中的江湖大嫂国语版,喜剧 爱情 犯罪
标清 电影层层追凶,剧情
楚乔传第集,剧情 犯罪
猎人,喜剧 动画 冒险
辣妈正传第集,剧情 喜剧 家庭
比得兔特别篇 ,喜剧 动画 冒险
龙珠传奇 ,剧情 爱情 古装
人民的名义 ,剧情 悬疑 犯罪
纪实高清,纪录片
保持通话,动作
聚焦三农,纪录片 脱口秀
青春万万岁 ,剧情
勇士之城 ,剧情 历史 战争
鸡毛飞上天第集,剧情
我和我的他们 ,剧情 爱情
万凰之王国语版,剧情 古装
闹分手害了哥的孩儿,古装
那年花开月正圆,剧情 古装
兄弟门第集,纪录片
三国演义 ,剧情 历史 战争
防务新观察,战争
谜砂,悬疑 犯罪
名侦探狄仁杰 ,喜剧 悬疑 短片 古装
HD第期 叛逆少年吴越,动画 悬疑 犯罪
数码宝贝第三季 ,动作 动画 惊悚 家庭 奇幻 冒险
我的真芯男友第集,科幻
 冷暖人生 血亲下,剧情 战争
道德与法治魔都风云,剧情 爱情
美食大冒险之文明之旅 ,动作 动画 冒险
夺宝 ,历史 战争
英雄祭 ,剧情 爱情
泰拉星环 ,动画 战争 奇幻
第三类接触,剧情 科幻
军情直播间,战争
惊天巨啸,剧情 家庭 灾难
美丽谎言,剧情
二次元视界封面,真人秀
黄金血道 ,剧情 动作
告密者 ,剧情 传记 犯罪
幸福的错觉 ,剧情
棉花糖和云朵妈妈 ,儿童
怪物公寓 ,动画
数码宝贝第一季 ,动作 动画 惊悚 家庭 奇幻 冒险
秋决,剧情
剧场 ,剧情 爱情 历史
京剧猫 ,动画 儿童 奇幻 冒险
锦绣缘华丽冒险 TV版 ,剧情 爱情
探索发现,纪录片
大明王朝 ,剧情 历史
极限挑战Ⅲ,真人秀
小情人第集,剧情 喜剧 爱情 奇幻
十全九美,喜剧
新相亲时代,真人秀
好想好想爱上你 ,喜剧 爱情
东方大头条,脱口秀
枪娘第集,动画
生死翻盘,剧情
潜行狙击 ,剧情 动作 爱情
醉玲珑番外之玲珑醉梦 ,爱情 古装
倚天屠龙记版,动作 武侠 古装
绣春刀,剧情 动作 武侠 古装
乐比悠悠教育系列之快乐成长 ,动画
大宅门 ,剧情 爱情 家庭 传记 历史
宝宝巴士之奇妙汉字 ,纪录片
昆仑决,运动
万万没想到,喜剧 奇幻 冒险 古装
动画乐翻天,喜剧 爱情
大戏看北京好久不见,脱口秀
青春最好时第集,剧情 爱情 悬疑
HD托马斯和他的朋友们SNEW,动画 短片 儿童
夺宝幸运星 ,喜剧 动画 短片
欢天喜地对亲家第集,喜剧
麻雀 ,剧情 悬疑
索玛花开 ,剧情
HD反恐特战队 第集,剧情
少帅 ,剧情 传记 历史
仙剑云之凡 ,爱情 奇幻 武侠 古装
使徒行者 ,剧情 动作 犯罪
乔省长和他的女儿们 ,剧情 家庭
商道天问 ,剧情 爱情
夜线,动作 动画
星猫历险记 古城大冒险 ,喜剧 动画 家庭 冒险
大都市小爱情第集,剧情 家庭
CCTV新闻,战争
拥抱星星的月亮,剧情 家庭
真相特别节目,纪录片
我要当八路 ,战争
今日亚洲,纪录片 战争 脱口秀
大宅门,剧情 爱情 家庭 传记 历史
反黑 国语版 ,剧情 犯罪
闯关东,剧情
侠捕之诡影迷踪,悬疑 武侠
爱情闯进门 ,爱情
亲爱的,剧情 家庭
海棠依旧第集,剧情 传记
地球之极,纪录片
厨子戏子痞子,喜剧 动作
电视剧场我的父亲我的兵―,剧情
心如铁,剧情 悬疑
精品财经纪录彩色二战,纪录片
非亲姐妹 ,剧情 家庭
少年师爷之知礼万事通 ,喜剧 动画
银河奥特曼,科幻
少林问道 ,剧情 古装
风云天地第集,剧情 家庭
蒙面唱将猜猜猜,音乐 真人秀
健康之路,真人秀
今日说法,纪录片
家庭影院测试,喜剧 动画 短片
托马斯和他的朋友们 第四季 ,动画 短片 儿童
发现,剧情 爱情 科幻 悬疑
拍案说法,脱口秀
王牌对王牌下,剧情 动作 悬疑 惊悚 犯罪
喵星人,喜剧 儿童 奇幻
再说一次我愿意 ,剧情 爱情
企鹅家族第四季,动画 家庭
小旋风柴进之丹书铁券,古装
因为爱情有多美第集,剧情 爱情
母乳喂养宣传片,动作 短片 武侠
冥界,惊悚 恐怖
猪猪侠 第十部 五灵守卫者 ,动画
大叔我爱你,喜剧 爱情
王牌保安,动作 惊悚 犯罪
阿优之神奇幻镜 ,动画 儿童
HD凤囚凰 第集,剧情 爱情 古装
极品家丁 ,喜剧 古装
HD喜羊羊与灰太狼之洋洋得意喜羊羊之二new,动画 儿童
HD欢乐喜剧人娱乐,喜剧
栋笃神探国语版,喜剧 犯罪
乔杉 修睿 柳岩 大兵最好的礼物,歌舞
独立日大电影,动作 科幻 冒险 灾难
大耳朵图图第部TV版 ,喜剧 动画 冒险
HD好久不见 第集,音乐 舞台艺术
暗黑者第集,剧情 喜剧 悬疑 犯罪
欢乐颂第集,剧情 爱情
绝命后卫师 ,剧情 战争
对与决 ,剧情
新闻联播,纪录片
我爱我家第集,喜剧 家庭
武则天秘史 ,传记 历史
一剧场我的父亲我的兵―,剧情
好运来临TV版第集,恐怖 短片
HD期 全国总决赛进,动画 运动
零速争霸 ,动画 儿童 冒险 运动
仙剑奇侠传三 ,爱情 奇幻 武侠 古装
欢乐之城第二部 ,剧情
小马宝莉第四季,喜剧 动画 冒险
英雄本色预告片,剧情 动作
海绵宝宝 第八季 ,喜剧 动画 家庭
森冤,惊悚 恐怖 犯罪
中国排球超级联赛全明星赛,音乐
飞天小女警第一季,喜剧 动画 儿童
林海雪原,剧情
原来就是你 ,喜剧 爱情
幸福计 ,剧情 喜剧 家庭
大耳朵图图Ⅲ,喜剧 动画 冒险
一个人的皮影戏,剧情
大清盐商 ,剧情 传记 历史 古装
喜剧总动员Ⅱ,喜剧 真人秀
风暴,动作 犯罪
经济半小时,纪录片 脱口秀
大话西游之月光宝盒,喜剧 爱情 奇幻 冒险
包公出巡之明镜高悬 ,剧情
王牌对王牌,剧情 动作 悬疑 惊悚 犯罪
美人鱼,喜剧 爱情 奇幻
武媚娘传奇 ,传记 历史 古装
雪狼,剧情 爱情 战争
重要的财商教育,短片
我的爱情撞上了战争,剧情 战争
隋唐英雄之薛刚反唐 ,剧情
HD爱情公寓第集,剧情 爱情 情色
我的小姨,剧情 爱情 家庭
奇星记之鲜衣怒马少年时 ,剧情 奇幻 古装
前情提要阳光下的法庭,剧情
迪迦奥特曼new,动作 科幻 奇幻 冒险
好久不见  ,剧情 爱情
深夜食堂第集,剧情
放弃我抓紧我 ,剧情 爱情
少林寺传奇藏经阁 ,武侠 古装
喜羊羊与灰太狼之智趣羊学堂 上部 ,动画 儿童
兄弟兄弟 ,剧情
山猫吉米之快乐篇 ,剧情 科幻 悬疑 惊悚
HD古剑奇谭,剧情 奇幻 武侠 古装
穆桂英挂帅 ,动作 爱情 古装
我的体育老师 ,剧情 爱情
我是大侦探,真人秀
HD旋风少女第集,音乐 舞台艺术
八九不离十,剧情 爱情
爱情公寓 ,喜剧 爱情
河狸的故事,纪录片
暖爱,剧情 爱情
刷新 ,剧情
美丽谎言 ,剧情
父母爱情,爱情 家庭
一线,剧情 喜剧 爱情 家庭
隋唐英雄 ,剧情 历史 古装
棋武士,剧情 古装
大冒险家 DVD版 ,剧情 动作
最佳嫌疑人,喜剧 爱情 悬疑
末法王座第集,科幻 悬疑
四季味道,真人秀
侏罗纪世界,动作 科幻 冒险
金牌律师 ,剧情 惊悚 犯罪
之黄金眼,动作 惊悚 冒险
关中义事 ,剧情 爱情
 冷暖人生 人到中年下,剧情 动画 战争
乐高星球大战 费明克银河探险 ,家庭
中国蓝周播剧场,剧情 爱情 历史
南方有乔木,剧情 爱情
新名侦探柯南VIII,动画 悬疑
天剑绝刀之独孤九剑,动作
指令宝贝 TV版 ,剧情 动画 悬疑 犯罪
天使艾美丽 ,喜剧 爱情
十二只猴子第一季 ,科幻 悬疑 惊悚
仙剑客栈 第一季 ,剧情 武侠 古装
首播谢谢你来了,剧情 历史 战争
京剧猫之信念的冒险 ,动画 儿童 奇幻 冒险
极限挑战Ⅱ,真人秀
卡酷卡通,喜剧 奇幻
早教测试,动画 儿童
小楼又东风预告,剧情 爱情
古装剧场,剧情 喜剧 古装
枪神斯托拉塔斯 ,动画
HD杰克与梦幻岛海盗第二季,动画 儿童
亲亲猪猪宝贝,喜剧 奇幻 冒险
天行九歌TV版 ,剧情 动画 历史 冒险 武侠
HD爱情公寓,喜剧 爱情
老男孩猛龙过江,剧情 喜剧
海绵宝宝历险记海绵出水,喜剧 动画 冒险
爱要有你才完美 ,剧情 爱情
杰克奥特曼,动作 科幻
女生宿舍日常 第二季 ,动画
极速汽车,动作 悬疑 惊悚 灾难
企鹅家族第一季,动画 家庭
消愁,剧情 恐怖
迮翻身之嗨如花 第二季 ,喜剧 爱情
纹身师国语版,惊悚 恐怖
小沈龙笑谈中外电影史,喜剧
一个鬼子都不留,剧情
首页视频,剧情
红楼梦第集,爱情 家庭 古装
三生三世十里桃花,剧情 爱情
猪迪克之古怪岛大冒险 ,动画 儿童 冒险
汪汪队立大功 ,动作 动画 儿童 冒险
快乐冒险合辑,喜剧 动画 短片 奇幻
热血剧场玉海棠,动作 动画 冒险
洛克王国大冒险 恩佐日记 ,动画
 冷暖人生 同一屋檐下上,喜剧
爱神巧克力第集,喜剧 爱情 动画
阿优之兔智来了 ,动画 儿童
乡土,纪录片
寻找小天使 中文版 ,纪录片 音乐 传记
凄灵室,剧情 爱情 悬疑 惊悚
土豆侠 ,动画
我的朋友猪迪克 ,喜剧 动画 儿童
秦时明月 TV版 ,剧情 动画 历史 武侠 古装
正阳门下 ,剧情
梁家妇女 ,动画
职场是个技术活 ,剧情 爱情
老广的味道,纪录片
女人,剧情
波士早晨国语版,喜剧 爱情
远去的飞鹰,剧情 战争
我爱满堂彩  请你吃火锅,喜剧 短片
HD大唐荣耀 第集,音乐 舞台艺术
铁血军魂 第集,历史 战争
HD魔都风云第集,剧情 爱情
下一站别离 ,剧情 爱情
标清 电影悟空传,剧情 动作 奇幻
老表你好hea国语版NEW,喜剧
HD荒野求生 第六季全球求生指南,冒险 -
詹姆士的厨房,真人秀
HD花丸幼稚园,剧情 动画
我的父亲是板凳 ,战争
标清 电影九连环,剧情 悬疑
远方的家一带一路特别节目,纪录片
新萧十一郎TV版第集,武侠 古装
绝地枪王之松花江上的枪声,剧情
HD喜羊羊与灰太狼之洋洋得意喜羊羊I,动画 儿童
电影大鱼美国,剧情 家庭 奇幻 冒险
百变马丁第季 ,儿童
大话红娘 ,剧情 爱情
不可能完成的任务,剧情
自由本是擂台出,喜剧
我爱男保姆,剧情 喜剧
老九门,剧情 悬疑
浮城谜事,剧情
红高粱,剧情 传记
美国队长：寒冬战士,动作 科幻 冒险
龙骨山 ,动画
HD娱乐专题谁是拳王孙楠第三集跨界喜剧王第一季娱乐,喜剧 脱口秀
飞哥大英雄,剧情 历史 战争
狐影,剧情
反击 ,剧情 动作 悬疑
铠甲勇士 第一部 ,剧情 情色
十七岁,爱情
HD踏破硝烟,剧情 战争
亮剑铁血军魂,历史 战争
HD米奇妙妙屋第三季,喜剧 动画 家庭
HD魔都风云,剧情 爱情
乱世书香 第集,剧情
托马斯和他的朋友们第十二季 ,动画 短片 儿童
破晓 第集,剧情 犯罪
知青家庭 ,剧情 爱情
标清 电影寻侠英雄传之飞贼,剧情
娘心,悬疑 家庭
HD烈火战车R国语版,情色
情陷夜中环II ,剧情 爱情
头脑 ,喜剧
喜剧总动员,喜剧 真人秀
谢文东之风云再起 ,剧情 动作 战争
杂志天下,脱口秀
铁齿铜牙纪晓岚Ⅱ,剧情 喜剧 古装
阿优之兔智来了 第二部 ,动画 儿童
毛泽东 ,纪录片
战鼓擂,剧情 战争
你是我最深爱的人,剧情 爱情
海洋之歌,剧情 动画 冒险
环太平洋,动作 科幻 冒险
我的灵界男友 ,剧情 喜剧 爱情 奇幻
幸福有配方,剧情 家庭
会说话的家族 ,动画
风云年代,剧情 战争
飞哥战队,剧情 战争
父亲的身份,剧情 悬疑
HD火线三兄弟,剧情
标清 秀丽江山之长歌行 第集,剧情 爱情 历史 古装
牌坊下的女人,剧情 家庭
阿奇幼幼园第一季,剧情 儿童 灾难
钢铁年代 ,剧情
大漠苍狼第集,剧情
冲卡的客车,喜剧
绝密 ,剧情
格林第二季原声版new,动画
历史的拐点第集,纪录片
木府风云 ,剧情 古装
风雪飘落的季节 ,剧情 战争
热血勇士,战争
小公主苏菲第二季亚片头曲,动画 家庭 儿童 奇幻
西游新传第二部,剧情 爱情
银魂,喜剧 动作 奇幻 冒险
电影左耳,爱情
爱情保卫战,真人秀
神龙斗士第一部 ,剧情 情色
 生活麻辣烫 骗你是小狗,剧情 喜剧 爱情 音乐
浙江卫视,音乐 歌舞 真人秀
步步杀机 ,惊悚
我的 ,爱情 短片 情色
都市剧场,恐怖
时尚购物,喜剧 爱情
HD青年霍元甲之冲出江湖,剧情 动作
侬本多情之乱世浮生 ,剧情 动作 爱情 传记 战争
包公出巡之梦回青楼 ,剧情 武侠 古装
相伴,剧情
古巴浪人,喜剧
HD米奇妙妙屋第五季,喜剧 动画 家庭
大风歌 ,剧情 古装
HD超时空男臣国语版,喜剧
神域少女 ,喜剧 动画
公公出宫国语版,剧情 喜剧 历史
黑土热血 ,剧情 爱情 历史 战争
最爱是中华,真人秀
是谁布下了这张桃色的网,剧情
不要离开我第集,剧情 家庭 儿童
HD托马斯和他的朋友们S,动画 短片 儿童
铁臂阿童木 ,动作 科幻 动画 家庭
女娲传说之灵珠 ,剧情 奇幻
勇士之门,奇幻 冒险
原子危机,科幻 惊悚
奇先生妙小姐 ,动画 家庭
二胎第集,剧情 家庭
神兽金刚 ,动画
决胜制高点,战争
突击再突击 ,剧情
想明白了再结婚第集,剧情 爱情
太行山上,历史 战争
降魔的国语版,喜剧 惊悚
彭德怀元帅new,剧情 传记 历史
肥猫寻亲记之明天会更好 ,剧情 家庭
特工绍特原声版,剧情 爱情 动画
风中的女王第一季原声版,剧情 奇幻
最好的安排,剧情 爱情
重庆新闻联播,纪录片
谈判冤家 ,剧情 爱情
弈棋耍大牌  ,剧情 动作 传记
国土安全第三季 ,剧情 悬疑 犯罪
双刺,剧情 悬疑
春天里New,剧情
五号特工组之偷天换月,剧情 犯罪
冲出迷雾,剧情 悬疑
学警狙击国语版,剧情 犯罪
传奇大亨 ,剧情
境界之轮回 ,喜剧 科幻 动画
HD翻生武林国语版,喜剧 古装
机灵小不懂,剧情 喜剧 古装
HD阳光下的法庭,剧情
水果传第一季第集,纪录片
HD不得不爱第集,音乐 舞台艺术
人再逋局泰,喜剧
长江图,剧情 爱情
铁血军魂,剧情
 雾都夜话 上司有难上,剧情 爱情
 生活麻辣烫 闺蜜有颗玻璃心,爱情
北方大地,剧情
HD绝爱第集,剧情 爱情
新传奇,纪录片 真人秀
HD青年霍元甲之冲出江湖第集,剧情 动作
最有趣的实验上传奇纪实,剧情 犯罪 西部
异兽来袭国语版,剧情
卧底归来,剧情 动作 犯罪
青云志 ,奇幻 武侠 古装
纸牌屋第二季 ,剧情 悬疑
冲出月亮岛第集,剧情 战争
HD飘香剑雨第集,武侠 古装
怒放 ,剧情 爱情 音乐
大话红娘,剧情 爱情
四千金国语版,剧情 喜剧 爱情
斗龙战士 ,动画 冒险
独刺,剧情
故梦,剧情 爱情 传记 历史
环保小卫士 ,剧情 家庭
我的媳妇是女王,剧情 家庭
山海经之赤影传说 ,奇幻 古装
 生活麻辣烫 胖婆胖媳,家庭
非你莫属,真人秀
假如幸福来临 ,剧情 爱情
暗花 ,悬疑 犯罪
HD鬼吹灯之牧野诡事第集,动作 悬疑 惊悚 奇幻 冒险
长征纪事第集,剧情 犯罪
明日边缘原声版,动作 科幻
花儿与远方 ,剧情
老爸当家,喜剧
喋血边城第集,剧情 战争
我和老妈一起嫁 ,喜剧 爱情
美丽的契约 ,剧情 喜剧 家庭
情满雪阳花,剧情
爱情公寓,喜剧 爱情
HD水啸雾都原声版,动作 灾难
鸡毛飞上天,剧情
电影反斗神鹰美国,喜剧 动作 战争
包公奇案之情花劫 ,剧情 古装
大祠堂第集,剧情 古装
当家大掌柜 ,剧情 历史
超级飞侠第四季,动画
赌城风云,喜剧 动作
公司与行业,纪录片
妇道,剧情
火枪手 第三季 ,剧情 冒险
漂亮的李慧珍 第集,喜剧 爱情
年中国拳王赛总决赛,真人秀
标清 女医明妃传 第集,剧情 古装
档案,纪录片 历史
CCTV音乐,音乐
麻辣变形计,剧情
港剧风云,剧情 悬疑 犯罪
卧底 第集,剧情 犯罪
中国经典名著系列动画 ,动作 动画 悬疑 惊悚 犯罪
婚姻时差,剧情 家庭
谈判官,剧情 爱情
红色通道,剧情 战争
少年师爷之仁善行天下 ,喜剧 动画
美食地图 ,真人秀
纵横四海 ,剧情 喜剧 动作 犯罪
UFC自由搏击,动作
微笑江湖 ,剧情 喜剧 爱情 脱口秀
飞虎队大营救,剧情 战争
温柔的慈悲第集,剧情 音乐
当婆婆遇上妈之欢喜冤家 ,爱情 家庭
大秦帝国之纵横 ,剧情 历史 古装
细细的红线,剧情 战争
新神探联盟之包大人来了 ,剧情 动作 犯罪
天地男儿国语版,剧情
小爸爸 ,剧情 喜剧
杂警奇兵国语版,剧情 喜剧
HD甄执,剧情 古装
阿U之神奇萝卜 ,动画 儿童
智取生辰纲,动作
熊出没 ,动画
夜空中最亮的星我是歌手,剧情 爱情
超体 NFL超级碗集锦：届超级碗老鹰爱国者全场集锦,运动
电影大话西游之月光宝盒,喜剧 爱情 奇幻 冒险
 雾都夜话 上司有难下,剧情 爱情
标清 电影老爸当家美国,喜剧
HD捷德奥特曼,动作 科幻 动画
HD救援汽车人第三季,喜剧 动画 冒险
动画片,喜剧 动画 歌舞
HD开心鬼撞鬼国语版,喜剧 奇幻
北京卫视,喜剧 音乐 歌舞 家庭 脱口秀
动作影院,动作 武侠
黄金背后 ,剧情
熊爸熊孩子,剧情 家庭
壮丁也是兵 ,剧情 战争
勇者大冒险第二季第集,动作 动画 奇幻 冒险
好宝宝童话故事 ,动画
我在北京挺好的 ,剧情 爱情
莫麟传奇 ,动画
大学生士兵的故事 ,喜剧
我的同学不是人,爱情 悬疑 惊悚 恐怖
隋唐英雄第集,剧情 历史 古装
待嫁老爸第集,剧情 家庭
西涯侠 ,喜剧 武侠 古装
道德与法治,犯罪
长在面包树上的女人 ,剧情 爱情
小小的美好合辑,喜剧 动画 短片 奇幻
托马斯和他的朋友们S,动画 短片 儿童
萌鸡小队 ,动画 家庭 儿童
喜剧影院,喜剧 科幻
Q版三国 ,剧情 动画
热血 ,剧情
聊斋新编第集,剧情 古装
热血长安 第二季 ,悬疑 古装
碧血剑版,喜剧 动作 爱情 武侠 古装
破晓,剧情
黎明之前 ,剧情 悬疑 历史
极速蜗牛第一季 狂奔 ,喜剧 动画 冒险
斗破苍穹第二季 ,剧情 动作 动画 奇幻 冒险
中国教育,纪录片
 生活麻辣烫 娘家也是家,剧情 爱情
锦上添花,喜剧
HD好久不见第集,纪录片
健男抢钱团,喜剧 动作 犯罪
山东卫视,音乐 歌舞
欢乐中国人Ⅱ,喜剧 家庭 真人秀
换了人间new,剧情
HD突击再突击第集,剧情
传奇大掌柜,剧情
HD远大前程 第集,音乐 舞台艺术
雪豹,剧情 战争
急诊室故事 ,剧情 爱情
幸福最晴天第集,爱情
最爱你 ,剧情 爱情
芝麻开门,剧情
奔跑吧兄弟Ⅲ,喜剧
唐伯虎点秋香,喜剧 爱情 古装
星际迷航发现号第一季第集,科幻
谁来伺候妈 ,家庭
步步紧逼,剧情 惊悚 犯罪
标清 电影极地营救,剧情 动画 家庭 冒险
养母的花样年华大结局,剧情 家庭
海底小纵队第二季 ,动画
博人传 火影忍者新时代 ,动画 冒险
李伯清书场,剧情 儿童 奇幻
动物世界,剧情 动作 冒险
 冷暖人生 亲情迷局下,剧情 战争
红玫瑰与黑玫瑰 ,剧情
HD娱乐专题我们不一样岳云鹏孙越欢乐喜剧人,喜剧
犯罪心理第七季 ,剧情 悬疑 惊悚 犯罪
夺路而逃,喜剧 动作
谍影重重,动作 悬疑 惊悚
平安,剧情 喜剧 动作 爱情 歌舞 家庭
老兵 ,剧情 动作
十月初五的月光,剧情 爱情
变形金刚 第一季 ,动作 科幻 动画 惊悚 家庭 奇幻 冒险
波士顿爆炸案,纪录片
政委 ,剧情 战争
火力少年王之舞动火力 ,动作 科幻 奇幻 运动
花非花雾非雾 DVD版 ,剧情 爱情
夏至未至第集,剧情 爱情
档案 ,纪录片 历史
老婆大人第二部国语版,喜剧 恐怖
HD动物兄弟第四季,喜剧 动画 儿童 冒险
地下交通站,喜剧
头脑第集,喜剧
青春如期下,爱情
十二生肖传奇 ,剧情 奇幻 古装
天赋异禀第集,动作 科幻 奇幻
地火 ,剧情 战争
一夜惊喜,喜剧 爱情
咱家,剧情
王昭君 ,剧情 古装
HD波士早晨国语版,喜剧 爱情
虹猫蓝兔海底历险记 ,剧情 动画 武侠
巧夺天工,纪录片
嘟哒和达达第二季,剧情 家庭
长江新闻号,喜剧 科幻
沃土 ,动画
宝贝战争 ,家庭
翼飞冲天之天际战骑 ,儿童
雷神黑暗世界,动作 奇幻 冒险
速度与激情,动作 犯罪
新网球王子 ,剧情 动画 运动
国家底线,剧情
骄阳似我 完整版 ,剧情
魔都风云 ,剧情 爱情
文娱新天地,剧情 爱情
婚姻时差第集,剧情 家庭
中国式离婚NEW,剧情 家庭
HD谜砂,悬疑 犯罪
宝贝妈妈宝贝女 ,剧情 喜剧 爱情
倾听张靓颖演唱会,真人秀
虎妈猫爸 ,剧情 爱情 家庭
格林第四季 ,悬疑 奇幻
新视觉体育高清,喜剧 家庭 运动
伏击 ,剧情 战争
我的老爸是奇葩,喜剧 家庭
温暖不是爱,喜剧 情色
远大前程 ,剧情
龙归之龙行天下TV版 ,动画
富贵门国语版,剧情
通天干探国语版new,剧情 爱情
HD好先生,剧情 爱情
调解面对面,真人秀 脱口秀
惊天解密,动作 悬疑 惊悚
HD琅琊榜,剧情 古装
焦点访谈,纪录片
射雕英雄传版国语版,剧情 武侠 古装
闪电十一人GO ,动画
五星大饭店 ,剧情 爱情
幸福从天而降 ,剧情 爱情 家庭
我的辣妹保镖第集,喜剧 爱情 悬疑 犯罪
寰宇视野,纪录片
尖子攻略国语版,剧情
救火英雄,动作 灾难
军人机密new,剧情 悬疑 惊悚 犯罪
神偷奶爸,喜剧 动画 冒险
第集TFBOYS偶像手记娱乐,真人秀
班长大人第集,喜剧 爱情 奇幻
家事有道,剧情 传记 犯罪
两个女人的战争TV版第集,剧情 爱情
家有儿女第一部,喜剧 家庭
奋斗,喜剧 爱情
快乐剧场热血豪侠,动作 动画 冒险
独孤天下 ,爱情 古装
HD娱乐专题谁是男一号文松欢乐喜剧人,喜剧 爱情
致青春原来你还在这里,剧情 爱情
恐龙帝国第二季 ,科幻 家庭 奇幻 冒险
HD爱情万万岁,剧情 爱情
HD海上嫁女记,剧情 爱情
花红花火 ,剧情 爱情 战争
我会听话合辑,喜剧 动画 短片 奇幻
怒火英雄,剧情 战争
长征 ,剧情 历史
多少爱可以重来 ,剧情 家庭
十万个冷笑话 第二季 ,喜剧 动画 短片
网球王子TV版I,动画
战国无双 ,动画
三妹,剧情
决战江桥,剧情
HD勇士之城new,剧情 历史 战争
铁齿铜牙纪晓岚第二部,剧情 喜剧 古装
浴火之爱,动作 科幻 恐怖
小鱼儿与花无缺,武侠 古装
 生活麻辣烫 同学会,悬疑 惊悚 恐怖
铁齿铜牙纪晓岚第一部,剧情 喜剧 古装
夜市人生,剧情
HD兰陵王妃第集,音乐 舞台艺术
奈克瑟斯奥特曼,剧情 动作 科幻
电影银行匪帮美国,动作 惊悚 犯罪
人生若如初相见 ,剧情 爱情
十送红军 ,纪录片 传记 历史
热血三国之三顾茅庐 ,剧情 动作 历史 战争
 冷暖人生 花恋下,剧情 战争
黑子的篮球 第三季 ,剧情 动画 运动
惊天大暗杀,剧情 动作 惊悚 犯罪
追剿 ,剧情 悬疑
罗龙镇女人,家庭 战争
回看法网难逃天网法治,剧情 动作 惊悚
长征大会师 ,剧情 历史 战争
美人私房菜,剧情 古装
戴拿奥特曼new,科幻
HD喜羊羊与灰太狼之洋洋得意喜羊羊之二,动画 儿童
故事奶奶 ,动画 儿童
古剑奇谭,剧情 奇幻 武侠 古装
第二十二条婚规 ,爱情 家庭
HD妈妈像花儿一样,剧情 喜剧
看不见的背后 ,剧情 悬疑 惊悚 犯罪
目击者,悬疑 惊悚 犯罪
舞蹈世界,歌舞 真人秀
放弃我抓紧我,剧情 爱情
珍奇异果来报道,剧情 短片
儿科医生,剧情
和妈妈一起谈恋爱 ,剧情 家庭
东风破,剧情
大唐荣耀 ,剧情 爱情 古装
电视剧,喜剧 奇幻 冒险
廉政英雌之火枪柔情国语版,剧情 犯罪
 生活麻辣烫 灏趾迓,剧情 爱情
医馆笑传 ,剧情 古装
鬼马智多星国语版,喜剧
首播记住乡愁第三季,纪录片
HD资本之战原声版,剧情 爱情 动画
 拍案说法 疯狂的面包车,脱口秀
催眠大师,剧情 悬疑 惊悚
火锅英雄,剧情 犯罪
乡村爱情圆舞曲 ,喜剧 爱情
电影再造战士：全新一代美国,剧情 动作 科幻
烟雨斜阳 ,剧情
娱乐专题午夜排档孙艺洲第一集跨界喜剧王第二季娱乐,喜剧 脱口秀
中国老总,纪录片
神雕侠侣版国语版,爱情 武侠 古装
擒狼,剧情 动作 战争 西部
数码宝贝第二部,动画 儿童
电视剧异镇,剧情 喜剧 科幻
这里是北京 ,纪录片
芳华预告片,剧情 历史 战争
枪口,剧情
共同关注,剧情
好友之约,剧情 爱情
HD勇敢者游戏决战丛林原声版,动作 奇幻 冒险
华豫之门精编版,剧情 历史 战争
十宗罪 ,喜剧 爱情
铁齿铜牙纪晓岚,剧情 喜剧 古装
东方时空,脱口秀
 生活麻辣烫 一个人的火锅上,喜剧 动作 科幻
 冷暖人生 引狼入室下集,剧情 战争
那年那兔那些事儿 第三季 ,动画 历史 战争
中国舆论场,脱口秀
HD梦想合伙人第集,音乐 舞台艺术
HD天下粮田,剧情 古装
御前四宝 ,喜剧 动作 历史 古装
疑犯追踪第三季 ,剧情 动作 悬疑
HD娱乐专题掌握你的色彩人生乐嘉第一集跨界喜剧王第一季娱乐,喜剧 脱口秀
守望 ,剧情
铁血红安,剧情 历史 战争
师傅,剧情 动作 武侠
巾帼枭雄之义海豪情国语版new,剧情 历史
婚姻料理 ,剧情 喜剧 家庭
乱世佳人国语版,剧情 爱情 历史 战争
冰封：重生之门,喜剧 动作 奇幻
新笑傲江湖 ,剧情 武侠 古装
旋风管家 ,剧情 喜剧 爱情 动画
毒战,剧情 动作 犯罪
无头东宫国语版,剧情 悬疑 奇幻 古装
动画大放映,喜剧 动画 家庭
南极之恋预告片,爱情 冒险
刺客学妹,喜剧 动作 冒险
湖南卫视,音乐 歌舞 真人秀
蜡笔小新第九部,喜剧 动画 家庭
巴啦啦小魔仙之魔箭公主,奇幻 冒险
飞刀又见飞刀 ,剧情 动作 爱情
电影异星觉醒美国,科幻 惊悚 恐怖
于成龙,剧情
珍宝大战,剧情 动作 犯罪
求婚大作战日版第集,剧情 爱情
雾都夜话,剧情 家庭
名侦探柯南剧场版第十四个目标,动画 悬疑
金玉良缘 ,喜剧 爱情
熊熊乐园,动画
境界之轮回S ,喜剧 科幻 动画
HD娱乐专题我要上喜剧人张云雷杨九郎欢乐喜剧人,喜剧
欢乐元帅 ,剧情
HD阳光下的法庭 第集,剧情
降魔传国语版,喜剧 奇幻
爱车聊天室,剧情 同性
电影末日浩劫美国,动作 科幻 冒险 灾难
大宅门NEW,剧情 爱情 家庭 传记 历史
电影大醉侠,动作 武侠 古装
后来,剧情
惊情小时 ,爱情 恐怖
亲亲我好妈国语版,剧情 家庭
翻生武林国语版,喜剧 古装
私人公园 ,爱情 悬疑
法国巴黎饮食奇趣录探索纪实,纪录片
鸡鸡复鸡鸡,纪录片
命中注定,剧情 爱情 情色
死亡之恋,喜剧
清道夫第二季原声版,剧情 音乐
HD彭德怀元帅,剧情 传记 历史
HD老九门,剧情 悬疑
虫师第一季 ,剧情 动画 悬疑 惊悚 恐怖 奇幻
HD娱乐专题一切都是最好的安排贾玲欢乐喜剧人,剧情 喜剧 惊悚
萌鸡小队,动画 家庭 儿童
微时代第集,喜剧 爱情
乾隆大帝国语版,古装
两张照片,剧情
中国新相亲娱乐,真人秀
炫动卡通,爱情 短片
开门大吉,音乐 歌舞 真人秀
我的继父是偶像 ,剧情 喜剧
下辈子还做我老爸 ,剧情
HD勇者大冒险第一季,动画 悬疑 奇幻 冒险
半夜不要照镜子,悬疑 惊悚
偏偏爱上你 ,爱情
 冷暖人生 戴面具的女人上,悬疑 犯罪
麻雀,剧情 悬疑
罗拉大反斗,喜剧 爱情
标清 X档案：我要相信,剧情 科幻 悬疑 惊悚
闹市寻凶,剧情 惊悚
神秘人质,剧情
包公出巡之龙凤肚兜 ,动作 古装
HD铁血军魂 第集,音乐 舞台艺术
小马宝莉 ,喜剧 动画 家庭 儿童 奇幻
爱人同志,剧情 战争
中国家庭之母爱 ,剧情 爱情
 凡人有喜 偏偏喜欢你,剧情 爱情
松花江上的枪声,剧情
跨界歌王精彩大回顾,音乐 真人秀
殊死日,剧情
奔跑吧兄弟第四季 ,真人秀
天气预报员,剧情 喜剧
战狼,动作
我是你的眼 ,剧情 喜剧
 生活麻辣烫 火锅人生,剧情
 凡人有喜 我要完美爱情,剧情 爱情 奇幻
网球,动画
HD那刻的怦然心动 第集,剧情 爱情
扑克王,喜剧
SPEC第集,剧情 悬疑
野兽之瞳R国语版,剧情 动作
煎饼侠,喜剧
我们的十年,剧情 爱情
五星红旗迎风飘扬 ,剧情 历史
爱情ATM ,剧情
黑暗中的身影,剧情 歌舞
被偷走的那五年,爱情
毛泽东三兄弟,剧情 传记
少年包青天第三部NEW,动作 科幻 冒险
跳绳谣合辑,喜剧 动画 短片 奇幻
神犬奇兵第集,剧情
新婚公寓 ,剧情 爱情
连环套,剧情
幸福来敲门,剧情 爱情 家庭
解密 ,动作 悬疑 惊悚
 拍案说法 伪装作案的盗贼,脱口秀
命运派对,剧情 惊悚 犯罪
我的父亲我的兵 ,剧情
I Have Nothing,剧情 同性
电影碟中谍美国,动作 惊悚 冒险
义盖云天国语版,喜剧 爱情
HD我的前半生,剧情 家庭
足球之夜中超集锦,剧情 爱情
宰相刘罗锅,喜剧 古装
血战长空 ,历史
将界 ,剧情 动作 悬疑 奇幻
今日股市,剧情
电影我是谁的宝贝,剧情 家庭 犯罪
 凡人有喜 小魔仙的奇遇,儿童 奇幻 冒险
第一动画乐园,喜剧 动画 音乐 奇幻
洗冤录第二部国语版,喜剧 恐怖
HD中国新相亲娱乐,真人秀
新闺蜜时代第集,剧情
HD伪装者,剧情 悬疑
田姐辣妹NEW,剧情
海军陆战队员,动作 惊悚
HD欧布奥特曼原生之初,科幻
中国刑警,剧情 犯罪
电影佐州自救兄弟美国,喜剧 动作
独狼,剧情 历史 战争
人文地理,纪录片
HD恋爱先生 第集,音乐 舞台艺术
指尖上的传承之平衡针灸,纪录片
少年方世玉,剧情 喜剧 儿童 武侠
全纪实,纪录片
监狱风云国语版,剧情 动作 犯罪
最强大脑,真人秀
闺蜜,剧情 喜剧
铁金刚勇破海龙帮,动作 惊悚 冒险
派恩维尔抢劫案,剧情
平凡岁月,剧情 爱情
 凡人有喜 我压迫我的感觉,动作 科幻
大话西游之爱你一万年 ,喜剧 爱情 古装
HD俺爹是卧底,剧情
刀客家族的女人 ,剧情 爱情
谍战剧场,剧情 悬疑
可爱的中国,剧情 传记 战争
胭脂霸王 ,剧情 古装
前任预告片,喜剧 动画 短片 奇幻
HD初心,剧情
娱乐专题光阴的故事贾冰欢乐喜剧人,真人秀
虚拟实惊,科幻 悬疑 惊悚 犯罪
你是我的菜,剧情 喜剧
神秘博士 第九季 ,剧情
军情解码 ,战争 真人秀
小时,剧情 动作 惊悚 战争
伤不起的青春 ,剧情 爱情
 生活麻辣烫 熊孩子两个半,喜剧
孤战,剧情 战争
宝贝第集,动画
标清 赛季德甲联赛第轮 沙尔克VS多特蒙德 ,纪录片
大丈夫 ,剧情 喜剧
监守之盗,奇幻 冒险
东方卫视,音乐 真人秀
追寻假货之源,剧情 爱情 音乐 传记 历史
HD刀锋下的替身new,剧情 犯罪
绝命后卫师,剧情 战争
桌球天王国语版,剧情 爱情
万物理论,剧情 爱情 传记
标清 电影破坏者美国,剧情 动作 惊悚 犯罪
金玉良缘,喜剧 爱情
刀光枪影,剧情
HD我在故宫修文物二可爱的中国纪实,纪录片
我的铁血金戈梦,剧情
大秦帝国之崛起,剧情 历史
喜羊羊与灰太狼之智趣羊学堂 下部 ,动画 儿童
绝命攻击,惊悚
生活有点甜,剧情 喜剧 家庭
使徒行者国语版,剧情 动作 犯罪
洗冤录第一部国语版,爱情 武侠 古装
战斗王之飓风战魂 ,动画
队列之末 ,剧情 动作 战争
我和我的兄弟恩 ,剧情 爱情 家庭
新闻直播间,剧情 悬疑 犯罪
夸世代国语版,剧情 喜剧
生机无限,纪录片
极地营救,剧情
星推荐,脱口秀
天下足球  贝肯鲍尔：君临天下,剧情 动画 历史 武侠 古装
火线三兄弟,剧情
熊出没之欢乐对对碰,喜剧 动画 儿童 冒险
迈阿密风云,剧情 动作 惊悚 犯罪
HD小草青青,剧情
大秧歌,剧情
三擒亡命人,剧情 喜剧 爱情
HD娱乐专题评委特烦恼巫启贤李菁第三集跨界喜剧王第一季娱乐,喜剧 脱口秀
开心剧场女汉子,剧情 喜剧
HD神探夏洛克第二季原声版,剧情 悬疑 犯罪
HD我在黑社会的日子国语版,剧情 犯罪
HD娱乐专题爸爸孙涛欢乐喜剧人,真人秀
上海王国语版,剧情 动作 爱情
数码宝贝第一部,动画 儿童
新闻加,剧情
宇宙时空之旅第集,纪录片
青春有搏击娱乐,真人秀
新四大名捕 ,剧情 动作 犯罪
新名侦探柯南V,动画 悬疑
 生活麻辣烫 我不做单身狗,喜剧 动作
小品虎妈,剧情 爱情 家庭
圣域第二季 ,科幻
国剧演义,音乐 歌舞
 生活麻辣烫 天上掉下个林妹妹,剧情 喜剧 家庭
我在故宫修文物二可爱的中国纪实,纪录片
非凡的公主希瑞 ,动作 科幻 动画 家庭 冒险
私房钱第集,剧情 犯罪
格林第二季 ,剧情 惊悚 奇幻
和婆婆一起出嫁 ,剧情
奔跑吧Ⅰ,真人秀
抗日奇侠,剧情 战争
神精学妹第一季第集,剧情 喜剧 爱情
沙海老兵,剧情
HD知青家庭,剧情 爱情
争霸国语版,动画 冒险
战地狮吼,剧情 战争
大秦帝国之崛起new,剧情 历史
金婚,剧情 家庭
绝代双骄国语版,剧情 悬疑 惊悚
太行英雄传,剧情 战争
HD狐妖小红娘,动画
与龙同行 ,剧情 喜剧
HD鸡毛飞上天第集,剧情
追击者new,剧情 动作 犯罪
马向阳下乡记第集,剧情
超时空男臣国语版,喜剧
间隔八分钟,脱口秀
生命时速紧急救护,纪录片
互联网上的色诱,剧情 爱情 悬疑 同性
电影摇摆De婚约,剧情 喜剧
HD神机妙算刘伯温,剧情
比得兔第二季,喜剧 动画 冒险
布袋和尚国语版,奇幻 古装
奔跑吧先导片,真人秀
前目的地,科幻 悬疑
昆虫的进化上,纪录片
HD格林第四季原声版,奇幻 冒险
爱与恨 失控,纪录片 音乐
霹雳谜城之九轮异谱 ,奇幻 武侠 古装
小瑞与大魔王 ,动画 儿童
乐高幻影忍者,喜剧 动作 动画 冒险
蚁族的奋斗 第集,剧情 爱情
搜下留情国语版,剧情 爱情
古灵精探国语版,喜剧 犯罪
悲伤情缘,剧情
时尚中国,喜剧 爱情
生财有道,剧情 喜剧
极限挑战娱乐,真人秀
米妮宠物美容院：米奇宝贝disney英文,喜剧 动画 短片
开心剧乐部,喜剧 真人秀
雷霆扫毒国语版,剧情 动作 犯罪
那年花开月正圆 ,剧情 古装
HD火影忍者疾风传剧场版：失落之塔原声版,动画
 冷暖人生 回不去的过去上,喜剧 爱情
夺命金剑国语版,冒险
财神客栈,喜剧 动作 悬疑 古装
游走世界世界美食之旅越南,纪录片
雷霆战警 ,动作
游击英雄,剧情 战争
米兰罗马迫近尤文,喜剧
你是我兄弟,剧情 家庭
HD平安谷之诡谷传说国语版,剧情 悬疑 犯罪
格林第三季 ,剧情 恐怖 奇幻
电影与时尚同居,喜剧 爱情
全职高手周周见第集,剧情 动画
HD凡人的品格,剧情 爱情
HD杉杉来了,剧情 爱情
流星蝴蝶剑 第集,爱情 武侠 古装
向幸福前进,剧情 家庭
封神榜TVB版国语版,剧情 古装
回到火星,剧情 爱情 科幻 冒险
功夫兔与菜包狗TV版 ,喜剧 动画 短片
林海雪原new,动作 战争 冒险
金身将军王政柱,剧情 战争
生死兄弟情第集,剧情 动作 战争
朝闻天下,脱口秀
HD特种兵之火凤凰 第集,剧情
情迷黑森林国语版,剧情 喜剧 爱情
一条狗的罪与罚,剧情 喜剧 家庭
格林第一季 ,悬疑 奇幻
辛亥革命 ,剧情 历史
张保仔国语版,纪录片
 冷暖人生 暗影下,剧情 战争
阿尔法狗LeeVS阿尔法狗Zero,剧情 犯罪
HD心如铁,剧情 悬疑
越狱 第季 ,喜剧 爱情
中国诗词大会Ⅲ,真人秀 脱口秀
凡人的品格,剧情 爱情
魔都风云此时此刻,剧情 爱情
百家讲坛,剧情
表情奇幻冒险,喜剧 动画 冒险
爸爸别哭 ,剧情 家庭
飞虎第二部国语版,喜剧 恐怖
买来的媳妇,剧情 喜剧
魔晶猎人 ,动画
少年骇客第三季,科幻
郑和下西洋 ,传记 历史 古装
夕阳红,剧情 家庭
军事纪实,纪录片 战争
小时代 ,剧情 喜剧 爱情
人间至味是清欢,剧情 爱情
龙门镖局第集,喜剧 古装
HD飞虎队大营救第集,动作 科幻 冒险
识骨寻踪第八季 ,剧情 爱情 悬疑 犯罪
CSI 第季 ,剧情 悬疑 惊悚 犯罪
特警力量,剧情
红娘子,爱情 战争
航海王之佐乌篇,动画
女王驾到 ,剧情 爱情
逆转王牌,剧情 惊悚 犯罪
小品聪明的小明,动画
HD我瞒结婚了国语版,剧情
标清 电影X战警天启美国,动作 科幻 奇幻 冒险
武当虹少年 ,剧情 动画 儿童
无厘头科学研究所寰宇地理纪实,纪录片
电影最后一吻美国,剧情
神龙斗士第三部 ,动作 科幻 冒险
荡寇风云国语版,动作 传记 历史 战争 古装
乡村爱情下 ,剧情 喜剧
我的继父是偶像,剧情 喜剧
养女 ,家庭
璀璨人生 ,剧情 爱情 家庭
铁马战车国语版,剧情
背着奶奶进城魔都风云,剧情 爱情
恐怖宠物店 ,动画 悬疑 恐怖 奇幻
 生活麻辣烫 这个买家有点怪,剧情 喜剧 动作 爱情 短片
直播室商用,剧情 喜剧 爱情
纪实新闻奋进新时代强军新征程切实担当起新时代军队使命任务,动画 冒险
天国牧民,剧情
神探狄仁杰第一部,剧情 悬疑 古装
麻醉风暴第集,剧情
星猫侦探 ,喜剧 动画
不健不散,喜剧 爱情
第八届北京国际电影节开幕式晚会,剧情 情色 同性
HD山海经之赤影传说第集,奇幻 古装
海棠依旧,剧情 传记
HD鸡毛飞上天,剧情
HD武神赵子龙第集,音乐 舞台艺术
 凡人有喜 J甜的恋曲,剧情 爱情
文明密码,纪录片
新版 鼹鼠的故事 ,动画
猎场,剧情
大染坊,剧情
康熙王朝new,剧情 爱情 传记 历史
HD花千骨,剧情 爱情 奇幻 古装
电影暴力街区法国,动作 科幻
HD三个女人一个因国语版,爱情
俺爹是卧底,剧情
HD遇见王沥川,剧情 爱情
硬币大盗,剧情 动作 悬疑
星球大战：原力觉醒,动作 科幻 冒险
HD大宅门NEW,剧情 爱情 家庭 传记 历史
小楼又东风,剧情 爱情
幽灵党,动作 惊悚 冒险
大宋传奇之赵匡胤,剧情 历史
熊爸熊孩子预告,剧情 家庭
求婚大作战第集,剧情 爱情 奇幻
 冷暖人生 暗影上,剧情 战争
快餐车国语版,喜剧 爱情
江湖情,剧情 动作 惊悚 犯罪
养生堂,真人秀
精品财经纪录坦克大战,纪录片
江城警事 ,剧情 犯罪
反贪风暴国语版,剧情 犯罪
对话,剧情 悬疑 惊悚
午夜惊魂路国语版,惊悚 恐怖
不期而遇,喜剧 爱情
包青天国语版,剧情 悬疑 古装
大唐玄奘,历史
HD因为遇见你,剧情 爱情
HD变身国王上学记,喜剧 动画 家庭 奇幻 冒险
歧路兄弟 ,剧情 爱情 悬疑 家庭 犯罪
十二猴子 第二季 ,剧情 科幻 悬疑 惊悚 冒险
对决上,剧情 悬疑 惊悚
百战经典,纪录片 历史
火力少年王之传奇再现续集 ,动画
HD特种兵之霹雳火第集,剧情 动作 战争
唐山大兄国语版,动作
小情书,剧情 爱情
比得兔第一季,喜剧 动画 冒险
全职猎人 ,喜剧 动画 冒险
Free第二季 ,剧情 动作 动画
徽州情缘国语版,喜剧 爱情
双喜盈门 ,喜剧
一夜疯狂,剧情 喜剧 爱情
甜蜜夹心合辑,喜剧 动画 短片 奇幻
两妻时代国语版,喜剧 爱情 家庭
怒火街头,剧情 爱情 犯罪
健康养生,真人秀
剧场,剧情 爱情 历史
零下三十八度第集,剧情 悬疑
铁齿铜牙纪晓岚第四部,剧情 喜剧 古装
 冷暖人生 花恋上,剧情 战争
奇异博士,动作 奇幻 冒险
 生活麻辣烫 父爱如山,剧情 家庭
永不回头 ,动作 犯罪
火力少年王之传奇再现,动画
HD谈判官第集,音乐 舞台艺术
人与自然,动画 短片
小黄人大眼萌,喜剧 动画
圣域第一季 ,剧情 奇幻
阿里巴巴年会,喜剧 动画 冒险
亲亲宝贝剧场,纪录片
汪苏泷惊艳开口,剧情 惊悚
睡衣小英雄 ,动画 儿童 冒险
重见天日原声版,剧情 音乐
走遍中国,纪录片
电影蛋糕上的樱桃法国意大利,剧情 爱情 情色
结婚为什么 ,剧情 爱情
亲家过年,喜剧 家庭
消防员山姆第二季,剧情 动画
HD微微一笑很倾城,剧情 爱情
标清 电影功夫世家,纪录片
中国经济有信心,音乐 真人秀
标清 初吻,喜剧 爱情
攻心 ,剧情 历史
电影异形大战阿凡达美国,科幻
伸冤人,动作 惊悚 犯罪
小戏骨八仙过海 ,剧情 儿童 奇幻
大好时光 ,剧情 爱情
独山桥上寻真相,剧情 悬疑 惊悚
铠甲勇士铠传,动画 战争
HD夜闯寡妇村国语版,悬疑 惊悚
一个强盗都不留,剧情 悬疑 犯罪
家庭幽默录像,喜剧 真人秀
HD武林外传第集,音乐 舞台艺术
银河剧场,科幻
折翼,剧情 家庭
三个孬家伙,喜剧
天线宝宝第二季,儿童
楚乔传,剧情 爱情 古装
猪猪侠第五部,剧情 动画 历史 武侠 古装
木奇灵之圣天灵种,动画
火影忍者II,动作 动画 冒险
超神学院之黑甲第集,剧情 科幻 动画 音乐 战争 冒险
利箭行动,动作 爱情 战争
加油爱人 TV版 ,剧情 动画 悬疑 犯罪
HD双刺,剧情 悬疑
标清 电影赛尔号大电影 雷神崛起,剧情 动画 儿童 冒险
一天,剧情 爱情
火枪手 第季 ,动作 爱情 冒险
长江七号,喜剧 科幻
 生活麻辣烫 七十二家房客,喜剧
大胃王惊呆众人,真人秀
HD唐伯虎点秋香国语版,喜剧 爱情 古装
女人有话说,真人秀
幸福起航,剧情 爱情
识法代言人国语版,剧情
HD窃听风云,剧情 动作 悬疑 犯罪
嘻哈闯世界奇幻天空岛,动画 儿童 奇幻
回看黄岩宋墓发掘记二探索发现纪实,纪录片
激战,剧情 动作 运动
樱桃小丸子第一季 ,剧情 喜剧 动画 家庭
我不在那儿,剧情 音乐 传记
每日新闻报,喜剧 脱口秀
一双绣花鞋new,剧情 悬疑
漂亮的李慧珍  第集,喜剧 爱情
娱乐专题地铁故事常远欢乐喜剧人,喜剧
如果我爱你 DVD版 ,剧情 爱情
九州海上牧云记 ,剧情 奇幻 古装
HD妙警贼探第五季原声版,剧情 喜剧 犯罪
湖北卫视,音乐 歌舞 脱口秀
HD人间至味是清欢,剧情 爱情
汪汪队立大功II,动作 动画 儿童 冒险
自然,纪录片 家庭
大风车,儿童
零速争霸,动画 儿童 冒险 运动
动画梦工场,剧情 喜剧 爱情
国宝档案,纪录片
填满,剧情
恋爱排班表,喜剧 爱情
反转人生,喜剧 奇幻
暖爱new,剧情 爱情
中国好乐对重庆,音乐 真人秀
玩命速递重启之战,动作 惊悚 犯罪
致青春 ,剧情 爱情
老公们的私房钱 ,剧情 喜剧
怒放,剧情 爱情 音乐
喊山,剧情 爱情 犯罪
女超人第一季第集,动作 奇幻 冒险
青春期撞上更年期 ,剧情 爱情 家庭
乡村爱情上 ,剧情 喜剧
中国达人秀,纪录片 音乐 歌舞 舞台艺术
HD东风破,剧情
平民英雄,真人秀
重回十七岁,爱情
换了人间,剧情
双枪李向阳,剧情
铁血尖刀,剧情
我爱运动合辑,剧情 喜剧 传记 运动
空降,惊悚 恐怖
洛杉矶捣蛋计划,喜剧 家庭
魔幻车神第一部 ,动画 家庭 儿童
柔道龙虎榜国语版,剧情
HD美国谍梦第一季原声版,剧情
少儿原创命运石之门剧情,剧情 科幻 动画
快乐的后合辑,喜剧 动画 短片 奇幻
犯罪心理第四季 ,剧情 悬疑 惊悚 犯罪
菜园子张青,剧情 传记
摇滚萝莉,动画
 生活麻辣烫 爱情套路深,剧情 爱情
百变小樱,喜剧 动作 动画 冒险
热门动画,动画 运动
咸蛋超人,剧情 动作 科幻 奇幻
 冷暖人生 夜空中最亮的星下,剧情 爱情
超变战陀,科幻 动画
八仙的传说,古装
他到底是谁下,悬疑 惊悚 恐怖
识骨寻踪第一季 ,剧情 爱情 悬疑 犯罪
江湖龙虎斗国语版,动作 犯罪
御姐归来,剧情 爱情
心花路放国语版,喜剧 爱情
HD过界,剧情 喜剧 爱情 犯罪
谈判官TV版,剧情 爱情
边关烽火情,剧情 爱情
破坏者,剧情 动作 惊悚 犯罪
HD通职者,剧情 动画 犯罪 奇幻
奥特银河大怪兽之战 ,冒险
娱乐专题空城计李玉刚杨树林第四集跨界喜剧王第一季娱乐,喜剧 脱口秀
不懂撒娇的女人国语版,剧情 喜剧 爱情
你的手心没有我,剧情 爱情 同性
标清 智慧树 ,剧情
蜡笔小新第七部,喜剧 动画 家庭
兔小蛋过家家 ,喜剧 动画 冒险
闪光少女,喜剧 音乐
西游记,剧情 动作 奇幻 冒险 古装
探索,纪录片
巨神战击队之空间战击队,剧情 科幻
网球王子第二部 ,剧情 爱情
三十定律第集,剧情 爱情
人教版小学数学年级下册版第单元 小数的意义和性质第课时,动画
爱就爱了new,喜剧 爱情 同性
恋爱中的维多利亚,剧情 爱情 传记 历史
超变战陀 ,科幻 动画
欧布奥特曼剧场版赐予我羁绊之力吧,动作 科幻
范府大院new,剧情 家庭
标清 忍者神龟：破影而出,喜剧 动作 科幻 冒险
壮丁也是兵,剧情 战争
熊出没之年货 ,动画
小品郭县令判案,喜剧 古装
疯狂小糖Ⅳ,动画
饮食男女,剧情 家庭
超级大英雄第集,喜剧 爱情 奇幻
 冷暖人生 爱影浮沉上,纪录片 传记
匠心 第一季 ,真人秀
电影丛林大反攻美国,喜剧 动画 家庭 冒险
小马宝莉第三季,喜剧 动画 冒险
 凡人有喜 我其实不挑剔,剧情 爱情
蜀山传国语版,动作 奇幻 武侠 古装
盲约,剧情 喜剧 爱情
HD熊爸熊孩子,剧情 家庭
新名侦探柯南I,动画 悬疑
第十五集娱乐三兄弟娱乐,纪录片 音乐 家庭
功夫熊猫,喜剧 动作 动画 冒险
危险关系,剧情 爱情
超自然调查组 ,剧情 悬疑 惊悚 恐怖 奇幻
暗度陈仓,喜剧 犯罪
熊出没之奇幻总动员,动画 儿童
战斗王之飓风战魂第三季,动画
小马宝莉,喜剧 动画 家庭 儿童 奇幻
超级小熊布迷,动画 家庭 儿童 冒险
搜神传国语版,古装
HD最好的安排,剧情 爱情
乐高星球大战费明克银河探险,家庭
动画剧场,动画
HD小公主苏菲亚第二季NEW,动画 家庭 儿童 奇幻
百变布鲁可,儿童
HD娱乐专题新如此包装费玉清白凯南第二集跨界喜剧王第一季娱乐,喜剧 脱口秀
神秘情侠,喜剧 奇幻 武侠
HD完美搭档娱乐,犯罪
哆啦A梦第四部,动画 奇幻 冒险
如果国宝会说话,纪录片
我是特种兵之利刃出鞘,剧情
最强战士迷你特工队 ,动画
文化十分,纪录片 真人秀
事故后的十二分钟,喜剧
 凡人有喜 我的女儿你能接受吗,剧情
浙江第一悬案上,剧情
HD蜀山战纪踏火行歌 第集,奇幻 武侠 古装
螺丝钉第二季,动画
极限挑战Ⅰ,真人秀
名侦探柯南XII,动画 悬疑
与爱共舞,剧情 奇幻 冒险
百变马丁,儿童
标清 九条命,喜剧 家庭 奇幻
梦想改造家Ⅳ,真人秀
TICO动漫星球,科幻 动画
小小智慧树,剧情
成长的烦恼第一季第集,喜剧 家庭
跟我回家,剧情 家庭
疯狂原始人 ,喜剧 动画 冒险
人间至味是清欢 ,剧情 爱情
导视,喜剧 动作 奇幻 冒险 武侠 古装
来来来,剧情 喜剧
呜咪,动画 儿童
忍者神龟国语,喜剧 动作 科幻 冒险
无尽的圣战,科幻
江苏卫视,歌舞
大家的大法师之旅P,喜剧 动作 冒险
HD夏至未至 第集,剧情 爱情
傲慢与偏见,剧情 爱情
猪八戒下凡,剧情 喜剧 武侠 古装
我的博士老公 ,剧情 喜剧
咖哩咖哩,惊悚 恐怖 犯罪
看个球 ,喜剧 动画 短片 儿童 运动
X战警,动作 科幻 冒险
新成龙历险记Ⅱ,动画 儿童 冒险
HD美国黑帮原声版,剧情 惊悚 犯罪
骡子和金子,剧情 传记 历史 战争
那一场呼啸而过的青春第集,剧情 爱情
夏有乔木 雅望天堂,爱情
蜡笔小新第六部,喜剧 动画
追梦小海豚,动画 家庭 冒险
人气暴暴牙,剧情 悬疑 犯罪
变形警车珀利 交通安全篇,动画
海底小纵队第四部特别篇,动画 儿童 奇幻
回声嘹亮  重温时代经典 唱响回声嘹亮,真人秀
劲爆体育,动作
螺丝钉第一季,动画
远征远征,剧情 战争
猪猪侠之超星萌宠Ⅲ,喜剧 动画 奇幻
欧布奥特曼英雄传 ,动作 科幻
包公奇案之怒铡公孙 ,剧情 古装
第五波,动作 科幻 惊悚 冒险
猫和老鼠第二部,喜剧 动画 家庭
小鸡彩虹第一季,动画
HD嫌疑人X的献身国语版,剧情 悬疑 犯罪
小猪佩奇 第五季 ,儿童
大耳朵图图Ⅳ,喜剧 动画 冒险
HD侦探们的镇魂歌国语版,动画 悬疑
哆啦A梦第六部,动画 奇幻 冒险
相声给我个机会,剧情
叶问宗师传奇,动作 传记 历史
中国音乐电视,真人秀
意外,惊悚
海豚的故事,剧情 家庭
木奇灵之绿影战灵 ,动画
 生活麻辣烫 一个人的火锅下,剧情 喜剧 悬疑
电影好景当前美国,剧情 喜剧 爱情
相声西游朋友圈,剧情
法治进行时,真人秀
猫和老鼠第一部,喜剧 动画 家庭
信者无敌,剧情
重播重庆新闻联播,纪录片
故事比赛下巧虎剧场,动作 动画 冒险
女足亚洲杯半决赛中国日本,短片
阿甘妙世界第一季,喜剧 动画
a  a  e            下,剧情 喜剧
 冷暖人生 血亲上,剧情 战争
宝宝巴士之熊猫奇奇 ,动画 家庭 奇幻 冒险
熊出没之奇幻空间,动画 儿童
幸福的一家合辑,喜剧 动画 短片 奇幻
哈喽葡星人 ,儿童
HD双肥临门国语版,喜剧
托马斯和他的朋友们 第三季 ,动画 短片 儿童
变形警车珀利 ,动画
蓝海暮色 第一季 ,剧情 犯罪
爱探险的朵拉,儿童
记住乡愁Ⅲ,纪录片
怪物史莱克,喜剧 动画 家庭 奇幻 冒险
HD赛罗奥特曼英雄传,动作
三国,剧情 历史 战争
变形金刚,动作 科幻
如果的事原声版,剧情 喜剧 爱情
默默无闻幕后真英雄,剧情
海底小纵队第一部,动画
饼干警长Ⅲ,动画
逃之夭夭预告片,喜剧 动画 短片 奇幻
春日对对碰,喜剧 动画 儿童 冒险
消防员山姆第二季TV版 ,剧情 动画
德云三逗士,喜剧
HD小萝莉的猴神大叔原声版,剧情 喜剧 动作
龙之谷破晓奇兵,动画 奇幻 冒险
马丽 王宁祝你幸福,短片
HD铠甲勇士捕王国语版,动作 动画 奇幻 冒险
HD羞羞的铁拳国语版,喜剧 奇幻
冬荫功：拳霸天下,动作 犯罪
海底小纵队第二部,动画
美美家庭剧场,剧情 爱情
火力少年王之悠风三少年,剧情 运动
小旋风柴进之簪花请命,动作 武侠
与狼共舞Ⅱ,剧情 西部 冒险
开心超人联盟之超时空保卫战 ,动画
少年骇客终极英雄第一季,科幻
美食大冒险第一季,纪录片
小萝莉的猴神大叔,剧情 喜剧 动作
逆战,剧情 动作 惊悚 犯罪
战狼传说,剧情 动作
小品女婿上门,真人秀
超级为什么第二季,动画 家庭
HD建国大业R国语版,情色
东方之珠国语版,剧情
钢的琴 ,剧情 喜剧
好景当前,剧情 喜剧 爱情
宝宝巴士启蒙音乐剧之恐龙世界 ,动画 音乐 儿童
铁血骑警国语版,剧情 犯罪
直播室,剧情 喜剧 爱情
艾斯奥特曼,动作
赛罗奥特曼英雄传,科幻
利刃出击 ,剧情 犯罪
飞天小女警第二季,喜剧 动画 儿童
CMFU学院王子碰碰球第集,剧情 动画 运动
好想告诉你 ,爱情 动画
最后的四十八小时,剧情 喜剧 动作 惊悚 犯罪
咿呀咿呀,儿童
米菲第四季D动画米菲和朋友们 ,动画
超级无敌羊咩咩电影版,喜剧 动画 冒险
小猪佩奇第二季,喜剧 动画 家庭
咱家军情直播间,战争
少年锦衣卫 第一季 ,动画 武侠
HD生死回放,剧情 动作 动画
经典剧场,剧情 科幻 动画
姐妹兄弟 ,剧情 爱情
小公主第一季,剧情
弈棋耍大牌,剧情 动作 传记
电影约会行不行西班牙,喜剧 动作 冒险
HD影讯环太平洋雷霆再起观影指南,动作 科幻 冒险
大头儿子小头爸爸 ,动画
哆啦A梦大雄的南极冰冰凉大冒险,动画 冒险
企鹅家族第二季,动画 家庭
民歌中国乡音未改,纪录片 音乐 历史 脱口秀
远山的红叶 ,剧情 传记
小鸡特工队 ,动作 惊悚 冒险
梦比优斯奥特曼奥特兄弟,动作 科幻 奇幻
愤怒的小鸟,喜剧 动画 冒险
老爹的非城勿扰 ,家庭
HD铁马寻桥国语版,剧情
宾果连连看,儿童
郑成功 ,历史 战争
 冷暖人生 如影随形下,剧情 战争
汪汪队立大功第三季 ,动作 动画 儿童 冒险
浪漫天降,喜剧 爱情
HD一树桃花开,剧情 家庭
草莓甜心第一季,剧情 喜剧 爱情 运动
超神游戏 ,动画
赛罗奥特曼格斗第一季OVA版 ,动作
建筑师,剧情
彩虹小马 小马国女孩友谊运动会,动画
鼠来宝预告片,喜剧 动画 音乐 奇幻 冒险
HD我的铁血金戈梦,剧情
HD父亲的身份,剧情 悬疑
天津卫视,真人秀
孟非揭秘头发去哪儿了,喜剧 爱情 犯罪
新名侦探柯南VII,动画 悬疑
小明和他的小伙伴们,喜剧
大风车 ,儿童
安徽卫视,音乐 歌舞
校花攻略 ,爱情
法治中国 第三集 依法行政HD,动画 短片
我是哪吒,剧情 动画
洛克王国大冒险III,动画
溏心风暴国语版,剧情
自然大观,纪录片
太乙仙魔录之灵飞纪第二季 ,剧情 动画 奇幻 武侠 古装
少年骇客第二季,科幻
HD麻雀第集,剧情 犯罪
喜羊羊与灰太狼之智趣羊学堂,动画 儿童
不谈爱情 ,家庭
梦比优斯奥特曼,动作
 生活麻辣烫 王子变青蛙,剧情 喜剧 爱情 歌舞
新名侦探柯南III,动画 悬疑
夜半凶铃,悬疑 恐怖
明星欢乐汇,喜剧 歌舞 真人秀
电影最后的假期美国,剧情 喜剧 冒险
我们生活的年代 ,剧情 爱情
极限挑战第二季  ,真人秀
一村之长之皆大欢喜,剧情 喜剧
我最好朋友的婚礼国语版,喜剧 爱情
小马宝莉第二季,喜剧 动画 冒险
王源赵英俊合作演绎,真人秀
指尖上的传承之贺氏针灸,纪录片
活在朋友圈,剧情
百变布鲁可 ,儿童
史酷比舞台风波,动画
画魂,剧情 爱情 传记
巴啦啦小魔仙真人版,儿童 奇幻 冒险
神秘的房间可爱巧虎岛,剧情 动画
HD大宋提刑官new,剧情 悬疑 历史 古装
哆啦A梦第九部,动画 奇幻 冒险
暖暖的味道,纪录片
包里的秘密,剧情 悬疑
逗逗迪迪之酷比侦探,动画
中国民歌大会,真人秀
生化危机：终章,动作 科幻 恐怖
超级飞侠第一季NEWNEW,动画
广东卫视,脱口秀
荒野猎人,剧情 惊悚 冒险
罪域 ,剧情 动作 悬疑 犯罪
新结婚时代new,家庭
恰克大冒险第一季,动画 悬疑 奇幻 冒险
HD我们的少年时代第集,剧情 运动
铁甲雄心,真人秀
 生活麻辣烫 全都不靠谱,喜剧 爱情
海军罪案调查处：洛杉矶 第季 ,剧情 悬疑 惊悚 犯罪
HD移动迷宫烧痕审判原声版,动作 科幻 冒险
爹妈满园 ,剧情
冰川鲨鱼,动作 惊悚 冒险 灾难
开心鬼国语版,剧情 喜剧 家庭
 生活麻辣烫 家有两个娃儿,喜剧
新哆啦A梦,喜剧 科幻 动画
大白鲨,剧情 惊悚 冒险
郭凯敏电影往事,剧情 家庭 儿童
小马宝莉大电影,喜剧 动画 冒险
古宅惊魂,悬疑 惊悚 恐怖
飞机总动员预告片,喜剧 动作 动画
神兽金刚第一季,动画
HD红高粱,剧情 传记
少林足球,喜剧 动作 运动
开心球第一季,动画 家庭
玩具总动员,喜剧 动画 奇幻 冒险
HD沙海老兵,剧情
白雪公主与猎人,动作 奇幻 冒险
碧血书香梦,剧情 家庭
芭比之梦境奇遇记第一季 ,动画 家庭
名侦探柯南剧场版绀碧之棺,动画 悬疑
跳跳鱼世界 ,动画
HD勇敢者游戏决战丛林国语版,动作 奇幻 冒险
HD美人私房菜,剧情 古装
欢乐喜剧人贾冰 ,喜剧
生活时尚,剧情
暴走恐怖故事第五季第集,悬疑 惊悚 恐怖
娱乐精选,喜剧
HD艾克斯奥特曼,动作 科幻 儿童
海派真生活,剧情
宫心计国语版,剧情 爱情 古装
托马斯和他的朋友们第十九季 ,动画 短片 儿童
少年骇客第四季NEW,科幻
超游世界第集,剧情 动画
经典动画,动画 儿童
投名状,剧情 动作 战争 古装
宝宝巴士启蒙音乐剧之动物世界 ,动画 音乐 儿童
天幕下的恋人国语版,爱情
小蜜蜂第二季,动画
铁臂阿童木,动作 科幻 动画 家庭
芭比特工队剧场版,动画 家庭
乐高好朋友,动画 家庭
乐高DC超级英雄美少女,动画
HD小黄人大眼萌国语版,喜剧 动画
最美丽的第七天国语版,爱情
海底小纵队特别篇,动画
新抱喜相逢国语版,喜剧
功夫熊猫预告片,喜剧 动作 动画 冒险
HD打狗棍 第集,剧情 战争
新名侦探柯南VI,动画 悬疑
妙手小厨师来踢馆,喜剧 动画 儿童
标清 动画乐翻天西游记的故事 第集 三打白骨精,动画
密室里的遗书,悬疑
我的片花s,喜剧 爱情
哆啦A梦第七部,动画 奇幻 冒险
越狱兔 ,喜剧 动画 短片
辽宁卫视,真人秀
华人世界,脱口秀
猫和老鼠高清复刻版 ,喜剧 动画 家庭
海洋奇缘国语版,动画 歌舞 奇幻 冒险
  凡人有喜   我只要帅哥,爱情
紧急刹车,剧情
芭比之电玩英雄,动画 家庭
HD革命之路原声版,剧情 爱情 动画
情感剧场,动画
HD龙之谷破晓奇兵国语版,动画 奇幻 冒险
熊出没之夺宝熊兵,喜剧 动画 家庭 冒险
猪猪侠之五灵守卫者,动画
彭德怀元帅,剧情 传记 历史
哆啦A梦天方夜谭国语版,动画 奇幻 冒险
爱来的刚好,爱情
同在屋檐下 ,剧情
HD声之形原声版,剧情 爱情 动画
魅力音乐,纪录片
功夫熊猫国语,喜剧 动作 动画 冒险
二代妖精预告片,喜剧 爱情 奇幻
哆啦A梦：伴我同行,剧情 动画
小小智慧树 ,剧情
艰难时刻,西部
美食大冒险之火热之旅,动画
战狼预告片,动作
绝地枪王 ,剧情
流金岁月国语版new,剧情 爱情
HD血色黎明,剧情
乐高幻影忍者中国特别版,喜剧 动作 动画 冒险
开讲啦,脱口秀
整点车市,喜剧 纪录片
健康之路  与子偕老上,剧情
艾可魔法少女,动画 儿童
伪装者,剧情 悬疑
电影等风来,短片
电影英雄喋血,剧情
电影爆裂末路美国,剧情 动作
HD锦绣前程国语版,纪录片
电竞天堂,剧情 运动
智慧树,剧情
螺丝钉 ,短片
标清 电影战狼传说,剧情 动作
天天把歌唱,音乐
艾米最早到,科幻
东北偏北,剧情 喜剧 悬疑
死神蘑菇,惊悚 恐怖
芭比之梦想豪宅 第七季 TV版 ,儿童
猪猪侠之梦想守卫者 下部 ,喜剧 动画 奇幻
Hi鸭力 ,动画
绣春刀修罗战场,剧情 动作 武侠 古装
毛骗第二季 ,悬疑 犯罪
精灵宝可梦太阳和月亮,喜剧 动画 冒险
恋爱先生 ,剧情 爱情
门当户对,喜剧 爱情
神探夏洛克,剧情 悬疑 犯罪
穆桂英挂帅,动作 爱情 古装
 凡人有喜 我和我的选择,剧情 家庭 传记 运动
百变布鲁可积木秀,儿童
火星救援,剧情 科幻 冒险
TICO成长快车,剧情
 冷暖人生 人到中年上,剧情
青春逆袭,剧情
周末特供,科幻
熊出没之夏日连连看 ,儿童
智趣羊学堂,动画 儿童
HD后妈的春天 第集,音乐 舞台艺术
HD王牌逗王牌,喜剧 动作 冒险
HD铁血军魂,历史 战争
名扬四海,剧情 喜剧 爱情 歌舞 家庭
大鲸鱼在海边,剧情 爱情
名侦探柯南业火的向日葵,动画 悬疑 冒险
超级飞侠大百科第一季 ,动画
电影天才眼镜狗美国,喜剧 科幻 动画 冒险
隐身十五年,剧情 爱情
三只松鼠,动画 儿童 冒险
小猪佩奇第四季,剧情 动画 家庭 儿童
赛罗奥特曼英雄传 ,科幻
海底小纵队,动画
择天记DVD版 ,剧情 奇幻 古装
柠檬初上,剧情 爱情
HD极限挑战娱乐,真人秀
电影寻梦环游记美国,喜剧 动画 音乐 奇幻
旅游,纪录片
咖喱咖喱,剧情
小羊肖恩 ,喜剧 动画 冒险
秘密图纸,剧情
二代妖精国语版,喜剧 爱情 奇幻
时代,动画
美食,剧情 爱情 惊悚 恐怖 奇幻
飞天少年之启航篇,剧情 动作
繁星四月NEW,剧情 爱情
小马宝莉特辑之美妙的生日,动画 家庭 奇幻
 大城小事,剧情 爱情
奇怪的迷宫可爱巧虎岛,剧情 动画
智慧子弹车,动画
玄奘之路,纪录片 历史
跳跳鱼世界 第二季 TV版 ,动画
超级飞侠第三季NEWNEW,动画
野鸭子 ,爱情 家庭
亲爱的她们,剧情 喜剧
赛尔号大电影雷神崛起,剧情 动画 儿童 冒险
HDNN乐比悠悠教育系列之快乐成长,动画
进击的机甲之圣戒飞陀 ,动画
HD生活有点甜,剧情 喜剧 家庭
回家吃饭,真人秀
爱就爱了第集,喜剧 爱情 同性
我和她的传奇情仇,剧情 战争
天堂之旅,剧情
超级新闻场,动画
HD铁血战狼,剧情
离你有多远 ,剧情
电影职业杀手美国,动作 惊悚 犯罪 冒险
 生活麻辣烫 爱情指纹打卡,剧情
彝海结盟,剧情
天线宝宝第八季,儿童
火鸡哥 ,动画
我瞒结婚了国语版,剧情
爱宠大机密预告片,喜剧 动画
HD芭比与魔幻飞马之旅国语版,爱情 动画 家庭
贵州新闻联播,纪录片
追寻信仰的力量 红军不怕远征难 创作纪实一,纪录片
超级飞侠第一季 ,动画
HD琅琊榜之风起长林 第集,剧情 古装
少年师爷之侠义欢乐行 ,喜剧 动画 儿童 古装
HDYES一族国语版,喜剧 动画 冒险
陌生人原声版,剧情 音乐
识色幸也,剧情 爱情
HD我最好朋友的婚礼原声版,喜剧 爱情
阿U学科学,剧情 犯罪
火线出击上第集,惊悚 恐怖
媳妇的美好宣言 ,爱情 家庭
爱丽丝梦游仙境,奇幻 冒险
HD进化之岛新的伊甸园,剧情 动画 儿童 冒险
芭比与神秘之门国语版,动画 歌舞 家庭
一路顺疯,喜剧
邓稼先,传记
 生活麻辣烫 胖娃儿的春天,家庭
企鹅家族第五季,动画 家庭
西游降魔篇,喜剧 奇幻 冒险
领养,剧情 家庭
浙江第一悬案下,纪录片
新大头儿子和小头爸爸Ⅴ,喜剧 动画 家庭
被调包的血样,剧情 悬疑 惊悚
绝密,剧情
HD大话西游之爱你一万年 第集,喜剧 爱情 古装
乐高未来骑士,喜剧 动作 动画
一村之长之参花怒放,喜剧
杜拉拉之似水年华 第集,剧情 爱情
地雷战,剧情 战争
回看美白丸真能美白吗新闻大求真生活,剧情
哥窑之谜,剧情 动画 传记
重播谢谢你来了,动画 短片 同性
HD沙海老兵 第集,剧情
第一旅游,纪录片
江湖奇兵,动作
精灵旅社,喜剧 动画 奇幻
HD陆小凤与花满楼,剧情 古装
浪客剑心传说的完结篇,剧情 动作
托马斯和他的朋友们SNEW,动画 短片 儿童
与谍同谋国语版new,剧情 悬疑
我的世界之虚无世界,剧情
全球华人资讯,脱口秀
爱探险的朵拉第五季 ,儿童
琪琪的秘密日记 ,动画 奇幻 冒险
下一站彩虹国语版,剧情 爱情
深夜剧场,剧情 爱情 情色
丛林大反攻,喜剧 动画 家庭 冒险
HD加油吧实习生第集,剧情 爱情
老表毕业喇国语版,喜剧 爱情 家庭
汪汪队立大功第二季 ,动作 动画 儿童 冒险
情断黄河水,剧情 同性
法治新闻法治故事：一场特殊的庭审,悬疑 短片
爸爸父亲爹 第集大结局,武侠
夜闯寡妇村国语版,悬疑 惊悚
HD养母的花样年华 第集,剧情 家庭
福根进城,剧情
火力少年王之悠风三少年 ,剧情 运动
骗中传奇国语版,喜剧 古装
伪装者 第集,剧情 悬疑
爱情碎片,喜剧 爱情
标清 电影灰姑娘美国,喜剧 歌舞
英雄救美的背后,爱情
天眼智战 ,剧情 战争
神兽金刚第二季,动画
布鲁克斯先生,剧情 悬疑 惊悚 犯罪
平凡岁月new,剧情 爱情
HD养母的花样年华,剧情 家庭
标清 电影炮兵司令朱瑞,传记
乐高冰雪奇缘,动画
民歌中国为爱而歌,剧情 爱情 传记 古装
灰姑娘,爱情 奇幻 冒险
HD一屋两妻国语版,喜剧
 生活麻辣烫 老公老婆有点二,剧情 喜剧
谜情家族国语版,剧情 悬疑 家庭 犯罪
死不瞑目,剧情 惊悚 家庭 奇幻
小小画家熊小米 ,剧情 动画 儿童 奇幻
电影蜘蛛美国,喜剧
中央台新闻联播,纪录片
 生活麻辣烫 恩恩相报,喜剧 动画 短片 家庭
电影追爱大布局,喜剧 爱情
HD夺命金剑国语版,冒险
小品有话好好说,剧情 喜剧
HD戒魔人,动画 悬疑 惊悚
HD封神英雄榜第集,历史 奇幻 古装
HD东风破 第集,动作 科幻 冒险
bad boy,剧情 犯罪
粉红猪小妹第二季,剧情 动画 家庭 儿童
HD火线第一季原声版,音乐
神兽金刚之超变星甲 ,动画 奇幻 冒险
沉默游戏 第一季 ,剧情
还是夫妻 ,爱情 家庭
林风眠下集大师纪实,纪录片
HD开心鬼放暑假国语版,喜剧 奇幻
大话西游之仙履奇缘,喜剧 爱情 奇幻 冒险
一起走天涯,剧情 儿童
我是博尔特,纪录片 传记 运动
标清 北川重生,剧情
提着心吊着胆,剧情 喜剧 悬疑 犯罪
七月,惊悚 恐怖
曾经想火 第二季 ,喜剧 短片
悄然兴起的物联网解码财商财经,脱口秀
标清 亮剑 铁血军魂 第集大结局,武侠
电影小羊肖恩英国法国,喜剧 动画 冒险
初心,剧情
城市猎人,剧情 动作 惊悚
国宝档案  揭秘皇家相册――慈禧和珍妃的恩怨,纪录片
冠军路,剧情 传记 运动
HD奇谋妙计五福星R国语版,喜剧 动作 犯罪
迷糊餐厅 ,剧情 动画
猪猪侠之英雄猪少年,喜剧 动画 奇幻
HD我的小姨,剧情 爱情 家庭
无处可逃,动作 惊悚
欢天喜地对亲家,喜剧
茜茜公主第一季,剧情 喜剧 爱情 历史
标清 黄金秒 ,歌舞 真人秀
婚前周半 ,剧情 惊悚
Super吴亦凡音乐年,纪录片 短片
舌尖上的中国,纪录片
电影捉妖记,喜剧 奇幻
托马斯和他的朋友们 第十五季 ,动画 短片 儿童
后妈的春天 ,剧情
走遍中国  集系列片了不起的高铁一路守护,纪录片
青岛往事,剧情
好好唱歌 用心唱歌,喜剧 悬疑 歌舞 犯罪
新大头儿子和小头爸爸第三季 ,喜剧 动画 家庭
马兰谣 ,剧情
狐妖小红娘,动画
 生活麻辣烫 我的二货男友,剧情 喜剧 家庭
新大头儿子和小头爸爸之秘密计划,动画 家庭 儿童
大揭秘,纪录片 犯罪
电影银河追击令美国,剧情 喜剧 犯罪
猜疑,剧情 悬疑
夏目友人帐叁 ,剧情 动画 奇幻
头脑特工队,喜剧 动画 冒险
双雄,惊悚
爱上试睡师,喜剧 爱情
HD最好的我们,剧情 爱情
时刻中愚园路纪实,纪录片
HD偶像大师之灰姑娘女孩,动画
冰雪奇缘,喜剧 动画 歌舞 奇幻
超能陆战队,喜剧 动作 科幻 动画 冒险
一槌定音,真人秀
小木人奇遇,喜剧 家庭 奇幻 冒险
妈妈咪鸭,喜剧 动画 家庭 冒险
假绑架真报复,喜剧 爱情 奇幻
狂野非洲,纪录片
清道夫第一季原声版new,剧情 科幻 动画
犯罪心理第八季 ,剧情 悬疑 惊悚 犯罪
解密,剧情 悬疑
精灵宝可梦：波尔凯尼恩与机巧的玛机雅娜,动画 奇幻 冒险
天狼突击队在行动,动作 科幻 冒险
王牌对王牌Ⅲ,剧情 动作 悬疑 惊悚 犯罪
星际传奇,动作 科幻 惊悚 冒险
中国龙黄金剧场,喜剧 动作 爱情 犯罪
斗龙战士第一部,剧情 情色
俺娘田小草,剧情
海底小纵队第四部,剧情 喜剧 古装
英雄本色国语版,剧情 动作
阿尔法,动作 科幻 动画
Back to School,喜剧 动作 爱情
天下足球  罗纳尔多：你是唯一,纪录片 传记
真爱遇到他,剧情 喜剧 爱情
宝宝巴士启蒙音乐剧 英文版 ,动画 音乐 儿童
健身动起来,剧情 喜剧 动作
格林童话剧场,动画 家庭 儿童 奇幻 冒险
消费主张,剧情 动作 科幻 纪录片 家庭 儿童 运动 真人秀
HD痞子英雄黎明升起国语版,剧情 动作 犯罪
HD情圣R国语版,爱情 情色
柏林的女人,剧情 传记 历史 战争
今日影评,脱口秀
巨神战击队之超救分队,科幻
HD初心 第集,喜剧 犯罪
伟大诱惑,喜剧
异形人族的统治,科幻
HD古惑大律师国语版,剧情 犯罪
彩虹小马 小马国女孩彩虹摇滚,动画
阿优第六季 ,喜剧 动画 儿童
校园兔女郎原声版,喜剧 爱情
HD我的继父是偶像,剧情 喜剧
爱本无罪 ,剧情 犯罪
记住乡愁Ⅰ,纪录片
小美人鱼第一季NEW,爱情 动画 歌舞 奇幻
雨夜惊魂,惊悚
梦幻西游 ,奇幻 武侠 古装
大宋提刑官new,剧情 悬疑 历史 古装
烈火,剧情 科幻 惊悚
猎场 ,剧情
幽默观察家,喜剧 真人秀
赛文奥特曼,动画
芭比之梦想豪宅第七季,儿童
知青家庭,剧情 爱情
 冷暖人生 出租亲情上,剧情 战争
奥特银河大怪兽之战,冒险
重案六组,剧情 犯罪
欢乐喜剧人娱乐,喜剧
我的,爱情 短片 情色
择天记第三季第集,剧情 奇幻 古装
HD少年钢铁侠,动作 科幻
HD娱乐LuckySevenBabySNHsenses综艺,真人秀
结婚十年 ,剧情
HD古宅心慌慌国语版,喜剧 惊悚 恐怖
 生活麻辣烫 医生欢乐多,喜剧
HD失宠王妃之结缘第集,剧情 爱情 古装
HD喜羊羊与灰太狼之洋洋得意喜羊羊之四,动画 儿童
芭比之梦想豪宅第五季,儿童
最长的拥抱,爱情
燃烧我的爱,剧情 爱情 同性
HD克拉恋人,剧情 爱情
网球王子：二人的武士,动画
苦乐村官,剧情
魁拔战神崛起,动作 动画 奇幻 冒险
特务迷城,喜剧 动作 惊悚
第一伞兵队,剧情 战争
 雾都夜话 送礼上,剧情 喜剧
WWE美国职业摔角,剧情 运动
弹孔精编,剧情 历史 战争
京剧赵氏孤儿,剧情 动作 历史 武侠 古装
我的战争,剧情 历史 战争
小鸡小鸡,喜剧 动画 家庭
神秘英豪,剧情 动作 爱情 科幻 奇幻
裸婚之后 TV版 ,爱情 家庭
超级母鸡车：disney小龙大功夫,动画
高达口袋里的战争 ,科幻 动画
HD捷德奥特曼剧场版国语版,动作 科幻 动画
HD熊出没奇幻空间国语版,动画 儿童
猴子原声版,剧情 音乐
蜡笔小新,喜剧 动画 家庭
中国形象的幕后构建者,真人秀
霹雳开天记之创神篇 下阕 ,奇幻 武侠 古装
夏目友人帐 五 ,剧情 动画
舌尖上的中国Ⅱ,纪录片
警惕致命的神经杀手,惊悚 犯罪 黑色电影
HD我爱灰太狼国语版,喜剧 动画 冒险
黑猫警长之翡翠之星,喜剧 动作 科幻 动画
莎拉与乖乖鸭第二季,儿童
HD人民检察官第集,音乐 舞台艺术
梦想改造家Ⅱ精编,真人秀
潜艇总动员 时光宝盒,动画 冒险
炸猪排DJ扬太郎 ,喜剧 动画 音乐
西游记TVB版国语版,剧情 动作 奇幻 冒险 古装
电影敢死队美国,动作 惊悚 冒险
HD熊出没之夺宝熊兵国语版,喜剧 动画 家庭 冒险
变形金刚领袖之证第季 ,动作 动画 冒险
赞鸟历险记,喜剧 动画 家庭 冒险
电影暴风营救英国波多黎各,惊悚
HD小萝莉的猴神大叔预告片,剧情 喜剧 动作
 冷暖人生 夜空中最亮的星上,剧情 爱情
HD栋仁的时光国语版,喜剧 爱情 科幻
睡在我上铺的兄弟,剧情 爱情
 凡人有事 孩子和我到底谁重要,纪录片 传记
地狱医院,悬疑 惊悚
飞龙猛将,喜剧 动作 爱情
铁道游击队之战后篇 ,剧情 历史 战争
HD娱乐专题哆啦A梦贾玲欢乐喜剧人,动画
逃离猩球,科幻 惊悚
新洛神 第集,剧情 音乐 古装
极限特工：终极回归,动作 冒险
斗魂无双之无字真经 ,剧情 动作 动画 短片
哈利波特与阿兹卡班的囚徒,剧情 奇幻 冒险
NN乐比悠悠教育系列之快乐成长,动画
狙击手幽灵射手,剧情 动作 战争
火影忍者III,动作 动画 冒险
警察锅哥第二季 ,剧情 动作 犯罪
灌篮高手第二部,喜剧 动画 运动
幸福因为有你,剧情 喜剧
手指画巧虎星期天,剧情 动画
运钞车大劫案,剧情 惊悚 犯罪
风中的女王第一季 ,剧情 奇幻
极速之巅国语版,动作 惊悚
HD东北往事之破马张飞国语版,喜剧 动作
一曲倾情,剧情 音乐
机动战士敢达 铁血的奥尔芬斯 ,科幻 动画
逼婚,动作 爱情 武侠 古装
小时警事,剧情 悬疑 犯罪
创业英雄汇,剧情 纪录片 传记 真人秀
HD枪口 第集,剧情 犯罪
动画大放映巴啦啦小魔仙之飞越彩灵堡 第集 彩灵堡的危机,儿童 奇幻 冒险
闺蜜嫁到,剧情 爱情
电影游侠儿,动作 武侠 古装
大内密探零零发,剧情 喜剧 动作 爱情
武林风,运动 真人秀
HD小楼又东风 第集,剧情 爱情
民歌中国 ,真人秀
看东方,纪录片
爸爸父亲爹 第集,剧情 战争
HD中国式关系,剧情 家庭
搭便车,剧情 动作 惊悚
单口相声我的理想,剧情 喜剧
我的麦霸女友中国好麦霸,剧情
标清 电影萨利机长美国,剧情 传记 灾难
英雄剧场三集连播,剧情 动作 武侠
 雾都夜话 情之殇下,短片
小熊尼奥之梦境小镇 ,动画 儿童
起死回生,科幻 惊悚 恐怖
小蜜蜂第一季,喜剧 动画 家庭 冒险
海上嫁女记 ,剧情 爱情
好家伙 ,剧情 传记 犯罪
 冷暖人生 归途上,剧情 战争
汪汪队立大功,动作 动画 儿童 冒险
索玛花开,剧情
今夕何夕,喜剧 科幻 动画 短片
末日崩塌,动作 冒险 灾难
猪猪侠之环球日记,喜剧 动画 奇幻
宝宝巴士启蒙音乐剧 ,动画 音乐 儿童
逆时营救,动作 科幻
婚姻诉讼 ,剧情
黑侠国语版,喜剧 动作 科幻 惊悚 犯罪 冒险
悲惨世界,剧情 爱情 音乐
跨界歌王内幕大揭秘,音乐 真人秀
旷继勋蓬遂起义,传记 历史 战争
HD武状元苏乞儿R国语版,喜剧 动作 古装
我的团长我的团,历史 战争
小胖妞TV版 ,动作 爱情 动画 短片
与恐龙同行,动画 冒险
红蔷薇 ,剧情 爱情 家庭
HD亲爱的她们第集,音乐 舞台艺术
孤独的美食家 中国版 ,剧情
多档短视频,剧情 短片 家庭
约会专家 ,喜剧 爱情
精品财经纪录大飨宴,纪录片
空中营救,动作 悬疑 惊悚 灾难
星学院,科幻 动画 儿童
汪汪队立大功第一季 ,动作 动画 儿童 冒险
安迪与动物宝宝,科幻 动画 冒险
HD杀破狼国语版,剧情 动作
逃来的责任,恐怖
科学怪鱼,恐怖
HD前任备胎反击战国语版,喜剧 爱情
少年包青天第一部,剧情 悬疑 古装
风华国乐,音乐
真相,剧情 犯罪
HD苦乐村官,剧情
逃学威龙,喜剧 动作 爱情
龙之战,动作 历史 战争
 冷暖人生 消失的尸体上 ,剧情 奇幻
挑战者,剧情 动作
亲爱的翻译官,剧情 爱情
熊出没之熊心归来,喜剧 动画 冒险
畸形屋,剧情 悬疑 犯罪
长在面包树上的女人 第集 大结局,剧情 爱情
热门综艺,真人秀
欢乐喜剧人贾冰,喜剧
转播中央台新闻联播,纪录片
六弄咖啡馆,剧情 爱情
女主人之争,科幻 动画 冒险
天命因缘 ,历史
草原情歌,剧情
追凶 第二季 ,剧情 悬疑 犯罪
猪猪侠第三部,动画 儿童
美食大冒险第三季,动画
第一时间,剧情 纪录片 短片 脱口秀
油菜花香 ,剧情
宝狄与好友第三季 ,动画
回看寻味记三探索发现纪实,纪录片
繁星四月,剧情 爱情
HD且行且珍惜,剧情 爱情
夏天岁的肖像,爱情 悬疑
创新中国,纪录片
银之守墓人第集,剧情 动画 奇幻
HD命运石之门之负荷领域的既视感,动画
实习医生格雷第一季 ,剧情 爱情
智慧树 ,剧情
车手,剧情 动作 犯罪
天线宝宝第一季,家庭 儿童
 凡人有乐,动作 科幻
标清 战魂 第集,动画 冒险
敦刻尔克,剧情 历史 战争
无人生还原声版,动作 动画 恐怖 奇幻 冒险
亮亮和晶晶,剧情
 冷暖人生 茉莉花开上,剧情 爱情 家庭
百心百匠,纪录片
动画大放映巴啦啦小魔仙之飞越彩灵堡 第集 空间旋涡,儿童 奇幻 冒险
千王斗千霸国语版,剧情 动作
养生堂精编版,剧情 历史 战争
高飞保姆：米奇宝贝disney英文,喜剧 动画 家庭 冒险
熊出没之丛林总动员,喜剧 动画
隋唐英雄Ⅲ,剧情 历史 古装
交易时间,剧情 真人秀 脱口秀
武林外传,喜剧 武侠 古装
田姐辣妹,剧情
滚石爱情故事第集,剧情 爱情
一树桃花开new,剧情 家庭
光影 ,剧情
巴啦啦小魔仙之飞越彩灵堡,动画 儿童 冒险
加菲猫,喜剧 家庭
独立纵队,历史 战争
家政女皇,真人秀
冬荫功原声版,剧情 动作 惊悚 犯罪
跳跃战士,动画
爱探险的朵拉第七季NEW,儿童
重播走近中国消防,纪录片 传记 历史
 冷暖人生 爱影浮沉下,剧情 爱情 家庭
铁道游击队,战争
破狱,剧情 犯罪
我是战士,动作 惊悚 战争
HD胭脂第集,剧情 犯罪
田姐辣妹new,剧情
逗逗迪迪爱探险new,动画 儿童 冒险
三少爷的剑,剧情 动作 武侠 古装
HD超人动画版第一部,动作 动画 冒险
海岛迷杀,爱情 悬疑 惊悚 恐怖
HD新上海滩,动作 惊悚 犯罪
独家新闻,喜剧 爱情 悬疑 奇幻
演唱会,纪录片 音乐
冰川时代,喜剧 动画 冒险
筷仙,惊悚 恐怖
木乃伊之日原声版,恐怖
HD神偷奶爸国语版,喜剧 动画 冒险
费雪小鱼侦探队 ,儿童
HD英雄无泪国语版,剧情 动作
Hello,剧情 爱情
指环王护戒使者,剧情 动作 奇幻 冒险
米奇船长：米奇宝贝disney英文,剧情 喜剧
小红帽,剧情 爱情 惊悚 奇幻
靴猫大冒险第一季,喜剧 动画 家庭 冒险
本草中国,纪录片
HD少年包青天第一部,剧情 悬疑 古装
郭德纲济公传书场,喜剧
铁血军魂new,历史 战争
寻侠英雄传之飞贼,动作 古装
我的特一营,战争
你是我的英雄,剧情 动作
最好的安排 ,剧情 爱情
痞子英雄黎明升起,剧情 动作 犯罪
武状元苏乞儿R国语版,喜剧 动作 古装
失败者联盟的覆灭上,剧情
等风来,喜剧 爱情
NBA热火人G,剧情 爱情 同性
左手亲情右手爱,剧情 爱情 家庭
 生活麻辣烫 搞笑一家人,剧情 喜剧 爱情 家庭
凉凉,剧情
鬼吹灯之精绝古城 ,剧情 悬疑 惊悚
HD黎明决战第集,音乐 舞台艺术
同心兄弟 ,剧情
你好乔安 第集,剧情 爱情
HD熊出没之雪岭熊风国语版,喜剧 动画 家庭 冒险
HD妻子的谎言 第集,音乐 舞台艺术
同盟国语版,喜剧 爱情 恐怖 奇幻
岁月风云之上海皇帝国语版,剧情 悬疑 犯罪
有完没完,剧情 喜剧
爱神,剧情 爱情 情色
南宋遥望中原,剧情
浮华背后,剧情 犯罪
我爱满堂彩  我的爸爸呦,喜剧
一起音乐吧  新年快乐,音乐 真人秀
娱乐乐翻天,脱口秀
栋仁的时光国语版,喜剧 爱情 科幻
偷天情缘,剧情 喜剧 爱情 奇幻
吉他巧虎星期天,剧情 动画
致命速递国语版,动作
倒霉熊 第二部 ,剧情 爱情
危险的爱,剧情 爱情 同性 犯罪
乐高星球大战机器人的故事,科幻 动画
欢乐好声音国语版,喜剧 动画 歌舞
玩名堂,脱口秀
捷德奥特曼 ,动作 科幻 儿童
国土安全第二季 ,剧情 悬疑 惊悚
新猛龙过江,剧情 动作
警视厅搜查一课系 第十二季第集,剧情
泡沫之夏new,爱情
企鹅家族第三季,动画 家庭
红鹰侠,动作 科幻 惊悚
HD人间至味是清欢第集,剧情 爱情
云南新闻联播,纪录片
电影幸运之吻,喜剧 爱情 奇幻
男生女生上高原Ⅳ,真人秀
HD卧底归来,剧情 动作 犯罪
电影寻龙夺宝中国澳大利亚,动作 家庭 奇幻 冒险
喜马拉雅高山兀鹫,纪录片 短片
少年骇客终极英雄第二季,科幻
民歌中国西北民歌,剧情 犯罪
吉祥天宝 ,喜剧 爱情 古装
HD三八线,剧情 战争
飘摇人生 ,爱情 家庭
秘密第集,剧情 犯罪
动物兄弟第四季 ,喜剧 动画 儿童 冒险
星际迷航可汗之怒,动作 科幻 惊悚 冒险
巴啦啦小魔仙之飞越彩灵堡第二季,儿童 奇幻 冒险
借黑钱,喜剧
我是歌手 张鹤伦 郎鹤焱,音乐 真人秀
清道夫第三季原声版,剧情 音乐
东北剿匪记,剧情
大国重器第二季 第二集 发动中国HD,纪录片
梦想改造家Ⅳ精编,真人秀
爸爸的次婚礼,喜剧 爱情 家庭
半夜偷石头的贼,喜剧 动作
同桌女友变了样,剧情
谁在撒谎第一季第集,剧情 悬疑 犯罪
HD城市猎人国语版,动作 动画
失孤,剧情
全球热恋国语版,喜剧 爱情
你是我的眼TV版第集,剧情 喜剧
超级创意秀,剧情 运动
HD恋上黑天使,剧情 爱情
侠胆雄狮第一季原声版,剧情 爱情 犯罪
闪婚情侣婚后的矛盾生活,剧情 喜剧 爱情
特警力量 ,剧情
东方卫视中秋晚会,音乐 真人秀
西湖,纪录片
豫剧电影大脚皇后,剧情
蓝精灵：寻找神秘村,喜剧 动画 奇幻 冒险
HD大秦帝国之崛起new,剧情 历史
男生女生闯天涯,剧情 喜剧 动作
少年包青天第二部,剧情 悬疑 古装
电影仲夏之爱瑞典,剧情 爱情
 冷暖人生 茉莉花开下,剧情 爱情 家庭
纪实新闻因为爱你爱你所爱,剧情 爱情
名侦探柯南剧场版引爆摩天楼,喜剧 动画 悬疑 家庭 冒险
俄罗斯之锤原声版,剧情 运动
名侦探柯南剧场版：银翼的魔术师国语版,动画 悬疑
HD威龙猛探国语版,剧情 动作 犯罪
HD琪琪公主可爱巧虎岛,剧情 动画
HD刀剑神域国语版,科幻 动画 冒险
南京南京,剧情 历史 战争
HD不可思异国语版,动作 动画 家庭 冒险
星际特工千星之城预告片,动作 科幻 冒险
万万没想到之小兵过年 ,喜剧 短片
泡沫之夏,爱情
 凡人有喜 我和春天有个约会 王之选择下,剧情 爱情
HD情满四合院,剧情
HD老炮儿国语版,剧情 犯罪
海底世界,纪录片
HD捷德奥特曼中文版,动作 科幻 动画
娱乐专题皇家赌场王宁艾伦欢乐喜剧人,脱口秀
泰罗奥特曼,动作
电波教师 ,剧情 动画
 生活麻辣烫 少年不知愁滋味,剧情 短片
海绵宝宝第九季,喜剧 动画 家庭
标清 公益广告,喜剧 爱情 家庭
HD御姐归来,剧情 爱情
寻味顺德,纪录片
时光机,喜剧 科幻 动画 冒险
探索发现  考古进行时 第二季 消失的陆浑戎,纪录片
熊出没之春日对对碰,喜剧 动画 儿童 冒险
 生活麻辣烫 无酒不成戏,剧情 喜剧
天下粮田,剧情 古装
超级点子王,动画
酸甜苦辣小夫妻,剧情 家庭
法网群英 ,剧情 犯罪
名侦探柯南江户川柯南失踪事件,剧情 动画
二婶 ,剧情 家庭
大堡礁惊魂,惊悚
HD头号前妻,剧情 爱情
水门事件,剧情 惊悚 历史
走遍中国  集系列片了不起的高铁未来高铁,纪录片
国宝档案  揭秘皇家相册――夜盗光绪陵,纪录片
左耳,爱情
雷神,动作 奇幻 冒险
缉枪,剧情 动作 犯罪
HDS的秘密国语版,动画
电影捉迷藏,悬疑 惊悚 恐怖
进击的机甲之圣戒飞陀,动画
HD咸鱼翻生国语版,喜剧
HD三生三世十里桃花,剧情 爱情
情哥哥,音乐
看不见的客人,剧情 悬疑 惊悚 犯罪
卿卿我我,剧情
一屋高才生 ,喜剧
我爱灰太狼预告片,喜剧 动画 冒险
爱探险的朵拉第四季,儿童
迷徒CLAIRE ,剧情 爱情
蠢货 智商被狗吃了吗,喜剧 动画 短片
小戏骨：三笑寻亲记第集,音乐 儿童 古装
希科克,西部
守护正义,剧情 悬疑 犯罪
郭德纲 于谦暨德云社相声专场重庆站整场,脱口秀
暴力街区,剧情 动作 犯罪
电影小大女孩丹麦,剧情 家庭
美食大冒险Ⅱ,动作 动画 冒险
中国式关系,剧情 家庭
永春白鹤拳之擎天画卷,喜剧 动作 爱情
热干面的味道,剧情
再造战士,剧情 动作 科幻
调包计,喜剧 动画 短片 家庭
拯救―戒毒所日记 ,剧情 犯罪
倾城绝恋 ,爱情
综艺盛典,真人秀
交换空间,真人秀
芭比姐妹与小马,动画
HD废柴特工国语版,喜剧 动作
瑞奇和闪电,剧情 喜剧 音乐
终结者：创世纪,动作 科幻 冒险
HD明星志愿第集,音乐 舞台艺术
我的野蛮奶奶国语版new,剧情 喜剧 古装
食尚大转盘,真人秀
无名者,剧情 悬疑
两姐妹的协议,剧情 情色
哟呼和朋友们第二季,动画
将改革进行到底,剧情 爱情
了不起的狐狸爸爸,喜剧 动画 冒险
粉红女郎,剧情 喜剧 爱情
动漫秀场,科幻 动画
斗龙战士第二部new,动画
HD全职猎人第三部,喜剧 动画 犯罪
HD冒险乐园原声版,动画
标清 电影悲惨世界英国,剧情 爱情 音乐
贝拉的奇幻花园,剧情 喜剧 爱情
飞哥战队预告,剧情 战争
HD我最好朋友的婚礼国语版,喜剧 爱情
窃听风云,剧情 动作 悬疑 犯罪
HD心理追凶国语版,爱情 悬疑 犯罪
点五步,剧情 运动
蓝精灵 ,喜剧 动画 奇幻
 生活麻辣烫 寒假大作战,剧情 喜剧
我在人民公园上,剧情 爱情 古装
 凡人有喜 我和春天有个约会之爱情天梯,剧情 爱情
历史永远铭记,剧情 战争
神枪手,剧情 动作 惊悚 犯罪 冒险
上海三打一  ,喜剧 动作 奇幻
英雄无泪国语版,剧情 动作
生活在美丽里合辑,剧情
来吧来跳舞,喜剧 爱情
少年泰坦犹大契约,动作 动画
梦回追凶,悬疑
 生活麻辣烫 我的东西你莫动,剧情 喜剧 同性
渝乐现场,脱口秀
唐顿庄园 第五季 ,剧情 家庭
豆小鸭中文版 ,喜剧 动画
最美传奇,剧情 爱情
王贵与安娜,剧情 家庭
HD爱的多米诺,剧情 爱情
诡梦凶铃,悬疑 惊悚 犯罪
你好乔安,剧情 爱情
年斯诺克世锦赛 决赛 塞尔比VS希金斯 第阶段  ,纪录片
血滴子国语版,动作 武侠 古装
纪录时间,纪录片
美好的意外,喜剧 奇幻
国歌,剧情 传记 历史
功夫熊猫第一部,喜剧 动作 动画 冒险
HD王朝的女人杨贵妃国语版,爱情 古装
西伯利亚教育,剧情
 冷暖人生 樱桃下,剧情 战争
太平轮下彼岸,剧情 爱情 灾难
老友记 第二季 ,喜剧 爱情
托马斯和他的朋友们第十五季 ,动画 短片 儿童
中国梦主题纪录片,剧情
赵传热血摇滚现场,恐怖 音乐
魔角侦探第二季TV版 ,动画
纪录片,剧情 悬疑 犯罪 黑色电影
红色精编版,剧情 历史 战争
我们为什么不能在一起 ,剧情 爱情 短片
新天龙八部之天山童姥,动作 武侠 古装
HD突击再突击,剧情
肾病患者怎么吃,纪录片
哈勃望远镜宇宙之旅寰宇地理纪实,纪录片
小苹果,喜剧
名段欣赏,剧情 情色
栏目,剧情
HD春天的开心虫可爱巧虎岛,剧情 动画
家有喜事,剧情 喜剧 爱情 家庭
精灵梦叶罗丽第四季 ,动画 奇幻 冒险
天线宝宝第四季new,儿童
娃娃惊魂,喜剧 恐怖 短片
莫斯科行动 ,剧情 犯罪
小猪佩奇佩佩猪玩具 ,剧情 动画 家庭 儿童
香菇特勤队之胡萝卜入侵 ,剧情 战争
一起音乐吧 ,音乐 真人秀
HD吃吃的爱国语版,喜剧 爱情 奇幻
夏目友人帐 第六季 ,剧情 动画 奇幻
HD绝世好宾国语版,喜剧 爱情
HD荒野求生 第六季冰与火,冒险 -
浪矢解忧杂货店,剧情
法老墓的诅咒 上,动作 悬疑 奇幻 冒险
HD江湖龙虎斗国语版,动作 犯罪
小幻与冲冲,喜剧 动作 动画 冒险
HD疑犯追踪第三季原声版,剧情 动作 悬疑
智趣羊学堂之羊羊游世界 ,动画 儿童
CQTV时尚,剧情 喜剧 歌舞
一个好汉两个帮 ,喜剧
海峡新干线,剧情 惊悚 犯罪
儿女英雄传 ,剧情 动作 爱情 历史 武侠
HD识骨寻踪第一季原声版NEW,剧情 爱情 悬疑 犯罪
爱探险的朵拉第八季 ,儿童
消防员山姆第五季,家庭 真人秀
HD权力的游戏第六季原声版NEW,剧情 战争 奇幻 冒险
大戏看北京好久不见剧宣,脱口秀
智趣羊学堂Ⅴ,动画 儿童
魔法俏佳人第三季,真人秀
快乐剧场绝杀行动,喜剧 动作 爱情 犯罪
变形金刚之救援汽车人 第二季 ,动作 动画 冒险
HD风筝,剧情 悬疑
CQTV生活,剧情 动画
北京国际电影节开幕式红毯仪式,真人秀
第期：熊梓淇谭松韵发糖,剧情 爱情
神秘的旅客,剧情 动作 悬疑
抢劫暴徒原声版,剧情 犯罪
宝贝熊鲁柏第一季 ,家庭 儿童 真人秀
河北卫视,音乐 歌舞 脱口秀
如意酷宝之保丽龙 ,动画 儿童
HD枪口,剧情
欢笑剧场,喜剧
黑龙江卫视,音乐 歌舞 真人秀
HD影讯百酷评独一无二的皮克斯动画,动画
HD爱回家之开心速递第十五部国语版,剧情 喜剧 家庭
宋小宝 小沈阳 赵海燕买单,喜剧
郭冬临 黄杨 范雷家的味道,歌舞
HD新巴布工程师I,剧情 动画 儿童
HD爱回家之八时入席第一部国语版,喜剧
奇迹之地第二季 ,真人秀
真相  克拉玛依的油气世界 第三集,纪录片
HD八九不离十,剧情 爱情
梦想总动员 第一季 ,喜剧 脱口秀
朱元璋new,传记 历史 战争 古装
HD疑犯追踪第四季原声版,剧情 动作 悬疑
我们的未来到底在哪,科幻 动画 冒险
HD龙珠超III,喜剧 动作 动画 惊悚 奇幻 冒险
单亲妈妈护子心切,剧情
夫妻那些事儿第集,剧情 爱情 家庭
中国电影报道电影快讯,纪录片 历史
星球卫士 ,动画
急诊室故事Ⅱ摔跤之后,真人秀
HD清道夫第三季原声版,剧情 犯罪
魔法俏佳人第四季,真人秀
游戏幻影泰语第集,剧情 动作
决战洛城原声版,动作 科幻
HD偷袭珍珠港原声版,剧情 动作 历史 战争 冒险
回看乡村警察故事今日说法法治,剧情 犯罪
第十三号仓库第二季原声版,剧情 科幻 悬疑
白马王子的真面目,爱情 同性 真人秀
娱乐专题九爷传奇周晓鸥刘桦第六集跨界喜剧王第一季娱乐,喜剧 脱口秀
HD木乃伊之日原声版,恐怖
朱元璋NEW,传记 历史 战争 古装
指尖上的传承之宫廷理筋术,纪录片
HD玉海棠,剧情
怪兽赛车,动画
大脚怪传说 ,恐怖
HD太平洋战争原声版,剧情 动作 历史 战争 冒险
男生女生闯天涯Ⅳ,喜剧
回看想象力家庭幽默录像生活,喜剧 真人秀
喝上瘾的矿泉水,悬疑 惊悚
年世界职业拳王争霸赛精选,剧情 喜剧
假证的冰山,纪录片
HD海上中医之薪火相传纪录片编辑室纪实,纪录片
基本演绎法第二季原声版,剧情 悬疑 犯罪
福五鼠之战国风云 ,动画
相爱相伤,剧情 爱情 家庭
龙珠超III,喜剧 动作 动画 惊悚 奇幻 冒险
海上中医之薪火相传纪录片编辑室纪实,纪录片
HD神枪手,剧情 动作 惊悚 犯罪 冒险
HD吸血鬼女王原声版,恐怖 音乐 奇幻
On Call 小时第二部new国语版,剧情
变形金刚第一代I,动作 动画 冒险
HD冒险王奇克,剧情 科幻 悬疑 冒险
HD夏威夷特警第二季原声版,剧情 动作 犯罪
无法填平的窟窿,剧情 爱情
圣诞怪杰R原声版,喜剧 家庭 奇幻
欢乐喜剧人Ⅳ精编下,喜剧
背后的影子,剧情 家庭
八九不离十new,剧情 爱情
宝宝巴士之奇妙好习惯 ,动画 音乐 儿童
热门剧场,动画
甜美少女表白郦波,动画
最棒的一句话可爱巧虎岛,动画 儿童
魔法俏佳人第一季,剧情 动画
今日世界,剧情 爱情
HD情人眼里出西施原声版,剧情 喜剧 爱情 奇幻
欢乐集结号,剧情 传记 历史 战争
HD智取威虎山国语版,动作 战争 冒险
HD格林第一季原声版new,动作
影讯百酷评DC超级英雄宇宙,动作 动画
魔法俏佳人第二季,真人秀
神力破功铁砂掌,喜剧 武侠
HD赛车总动员国语版,喜剧 动画 冒险
 冷暖人生 枯叶蝶 上,家庭
童趣大冒险,真人秀
兄弟恩仇,剧情 爱情 家庭
HD荒野求生 第六季新西兰南岛,冒险 -
智趣羊学堂六之羊羊来寻宝 ,动画 儿童
全明星赛NBA全明星周末HD,喜剧
宜兰要什么有什么食尚玩家生活,剧情
 冷暖人生 冰封前尘 上,家庭
中国式称谓,剧情 家庭
领养new,剧情 家庭
桃色诱惑,惊悚 恐怖 奇幻
HD应许之地原声版,剧情
HD娱乐专题喜剧之路常远常宝华欢乐喜剧人,喜剧
真假驾驶员,剧情 科幻
侏罗纪世界原声版,动作 科幻 冒险
中国梦巴渝风,纪录片
HD阿郎的故事国语版,剧情
空中课堂,剧情
相声彬彬有礼,剧情 恐怖 奇幻
本集提要猎豺狼,剧情
HD历史的罪人传奇纪实,纪录片 短片
监狱风云之逃犯国语版,动作
HD灵魂摆渡第集,悬疑 惊悚 奇幻
爱回家之开心速递第十五部国语版,剧情 喜剧 家庭
非正式课堂,真人秀 脱口秀
回看春节抗压攻略家庭幽默录像生活,喜剧 真人秀
HD无人生还原声版,悬疑 惊悚
智趣羊学堂之地球嘉年华 ,动画 儿童
走遍中国  集系列片了不起的高铁踏地而飞,纪录片
HD非常嫌疑犯原声版,剧情 悬疑 惊悚 犯罪
变形金刚第一代Inew,动作 动画 冒险
HD初代吸血鬼第二季原声版,剧情 悬疑 恐怖 奇幻
消失的脚印,剧情 悬疑 惊悚 犯罪
HD不安感第二季原声版,喜剧
第八届北京国际电影节开幕式红毯,真人秀
HD黑吃黑第三季原声版,剧情 犯罪
HD欲海医心第三季原声版,剧情 喜剧
HD妈妈咪鸭国语版,喜剧 动画 家庭 冒险
麦圈可可漫游记 ,喜剧 动作 动画
杂学唱  张云雷 杨九郎,剧情 喜剧
记住乡愁Ⅲ片段展播,纪录片
爱探险的朵拉第八季,儿童
基本演绎法第一季原声版new,剧情 悬疑 犯罪
单亲插班生原声版,剧情 喜剧 爱情
黑色孤儿第三季原声版,剧情 犯罪
X档案第三季原声版,剧情 犯罪
HD影讯熊出没奇幻空间观影指南,动画 儿童
回看开门大吉娱乐,音乐 歌舞 真人秀
天使爱美丽R原声版,喜剧 爱情
小品姥爷的烦恼,喜剧 家庭
急诊室故事Ⅱ久病床前,真人秀
HD超完美谋杀案R原声版,惊悚 犯罪
小小探索家第一季,真人秀
HD爱回家之开心速递第十三部国语版,剧情 喜剧 家庭
游戏大厅极限跑酷    ,惊悚 恐怖
期限人生,剧情 惊悚 犯罪
乒乓球亚洲杯精选,纪录片
中华文明之美,短片 家庭 儿童 古装 真人秀
HD变形金刚原声版,动作 科幻 动画 家庭
梦想改造家Ⅲ,真人秀
动物百事通第一季,剧情 动画
消防员山姆第三季,真人秀
世界艾滋病日特别节目,短片 歌舞
锻刀,剧情 战争
火力少年王 动画版 ,动画 运动
火影忍者I,动作 动画 冒险
养个孩子不容易,剧情
神机妙算刘伯温大结局,剧情
饥饿游戏嘲笑鸟上,动作 科幻 冒险
致命对决,剧情 动作 惊悚
致青春原来你还在这里国语版,剧情 爱情
欢乐北极星 ,喜剧 家庭 儿童
果果骑侠传 ,动画 奇幻 冒险
疯狂的导演,喜剧
老炮儿,剧情 犯罪
爱的魔法合辑,喜剧
特种部队全面反击,动作 冒险
猪猪侠之幸福救援队,动画
对风说爱你,剧情 爱情
HD超模第一季耐力测试,真人秀
辣手回春国语版,喜剧
传奇,剧情 传记 犯罪
太空漫游,科幻 惊悚 冒险
检察官来访 ,剧情 悬疑
歌手总决赛,真人秀
致命婚约,动作 冒险
精忠岳飞 ,剧情 传记 历史 战争 古装
活人墓,悬疑 惊悚
铁嘴银牙国语版,喜剧 古装
刘忠义的刑警人生上,剧情 运动
公园,剧情 音乐
识色幸也国语版,剧情 爱情
飞鹰计划国语版,喜剧 动作 冒险
青春不归路,剧情 动作
午夜火车,悬疑 惊悚
记住乡愁Ⅱ,纪录片
斯特拉顿,动作 惊悚
儿媳遇上小婆婆,剧情 喜剧 家庭
超级飞侠第二季NEWNEW,动画
小马宝莉友谊的魔力 第七季 ,喜剧 动画 歌舞 家庭 儿童
HD远去的飞鹰,剧情 战争
被盗的公司,纪录片
扫毒,剧情 动作 悬疑 犯罪
谢谢你,剧情 喜剧 爱情
白玉霜 ,爱情
穹顶之下 第三季 ,科幻
 冷暖人生 枯叶蝶 下,家庭
撸时代 第一季 ,动画
电影贝奥武夫美国,动作 动画 奇幻 冒险
乐高城市,动画 儿童
海绵宝宝第四部,喜剧 动画 冒险
活法,剧情 家庭
踏破硝烟,剧情 战争
电影美人鱼,喜剧 爱情 奇幻
HD情满雪阳花,剧情
HD天泪传奇之凤凰无双第集,科幻 奇幻
宫泰国版国语 ,爱情
HD像蒲公英的灰尘原声版,剧情 家庭
HD冒险王国语版,动画
HD对不起我爱你原声版,剧情 爱情
夏目友人帐II,剧情 动画 奇幻
我和我的他们a ,剧情 爱情
午夜剧场,惊悚 恐怖
热天午后,剧情 喜剧 犯罪
吴昕潘玮柏超甜约会王鸥明道解心结,真人秀
呜咪第四季 ,真人秀
HD夏至未至,剧情 爱情
打狗棍,剧情 战争
侠胆雄狮第二季原声版,剧情 悬疑 惊悚 犯罪
死亡飞车,动作 科幻 惊悚
HD漂亮的李慧珍第集,喜剧 爱情
妻子的遗言,剧情 家庭
养母的花样年华 ,剧情 家庭
电影当爸爸来敲门,剧情 家庭 传记
小品男大当婚,喜剧 爱情 奇幻
复仇木偶人,喜剧 恐怖
波利斯号原声版,剧情
偷窥女人心,剧情 奇幻
大头儿子小头爸爸之超能爸爸,家庭 儿童 奇幻 冒险
HD妙警贼探第一季原声版,剧情 喜剧 悬疑 犯罪
加油晴天娃娃可爱巧虎岛,动画 儿童
真相  克拉玛依的油气世界 第一集,纪录片
中国刑警 ,剧情 犯罪
HD小飞侠R国语版,动画
重返危机现场珍珠港事件,纪录片
探索恶魔岛,喜剧 动作 动画 悬疑 犯罪
熊猫宝宝产前减肥,纪录片
消失的情人,剧情 悬疑 惊悚 犯罪
HD两个爱人和一只熊原声版,剧情 爱情 冒险
国宝档案  揭秘皇家相册――慈禧的私家照,纪录片
城市游戏国语版,动作 惊悚
背着奶奶进城,剧情 家庭
江山 ,历史 战争
龙拳小子,喜剧 动作
HD假凤虚凰第二季,爱情 古装
HD黑客帝国原声版,剧情 动作 科幻 动画
雷霆行动,动作
HD战栗的乐谱国语版,动画 悬疑
野山鹰,剧情 战争
闻香识女人,剧情
藏起来的父亲,爱情 同性
HD泰晤士河寻宝记寰宇地理纪实,纪录片
古惑大律师国语版,剧情 犯罪
电影异形美国,纪录片
瑞奇宝宝 ,动画 儿童
花谢花飞花满天 ,剧情 爱情 古装
新疆我爱你,剧情 爱情 战争
HD洛杉矶捣蛋计划国语版,喜剧 家庭
少女,剧情 情色
大头儿子和小头爸爸之一日成才,喜剧 动画 家庭
再接再力：disney小龙大功夫,动画
开心球第三季,真人秀
盗马记,喜剧 动作 爱情 悬疑
爱生活美味厨房,爱情
新名侦探柯南IInew,动画 悬疑
纪录片编辑室,纪录片
悲剧前夕下,纪录片
情人节夺魂夜,惊悚 恐怖
何以笙箫默,爱情
巴黎宝贝,剧情 喜剧 爱情
电影星尘传奇美国,纪录片
爵士兔之永恒之曲 ,动画
斗龙战士,动画 冒险
萨利机长,剧情 传记 灾难
HD初代吸血鬼第四季原声版,剧情 悬疑 恐怖 奇幻
龙珠超II,喜剧 动作 动画 惊悚 奇幻 冒险
超感神探 第二季 ,剧情 悬疑 惊悚 犯罪
HD血滴子,动作 武侠 古装
离婚律师 ,剧情 爱情
梦幻西游第三季 ,动画
向日葵 ,剧情 动作
鬼吹灯之黄皮子坟 ,剧情 悬疑
蜂鸟特攻,剧情 动作 惊悚 犯罪
小巨人,剧情 喜剧 西部 冒险
夏有乔木雅望天堂,爱情
蚁人,动作 科幻 冒险
重返狼群,纪录片
HD假凤虚凰第一季,爱情 古装
铠甲勇士第一部,科幻
木乃伊之日预告片,喜剧 短片
HD我的仨妈俩爸第集,剧情
吃吃的爱国语版,喜剧 爱情 奇幻
红高粱new,剧情 传记
复仇行动,剧情 动作
夏日连连看,儿童
妻子的秘密,剧情 爱情 家庭
围猎,剧情
奇幻森林,剧情 奇幻 冒险
废柴特工国语版,喜剧 动作
秦时明月D电影龙腾万里,动画 奇幻 冒险 武侠
外星人入侵,喜剧 科幻 惊悚 恐怖
超人钢铁之躯,动作 科幻 冒险
警花与警犬,剧情 犯罪
野性之城,冒险
夜奔,剧情 爱情 同性
家在香港,剧情
只有我不在的城市 ,剧情 科幻 悬疑
平安谷之诡谷传说国语版,剧情 悬疑 犯罪
HD追击者new,剧情 惊悚 犯罪
HD推理笔记第集,剧情 悬疑
王牌罪犯,喜剧 犯罪
因为遇见你大结局,剧情 爱情
坚实的堤坝,剧情
被偷走的人生,爱情
猪猪侠之守卫者联盟,动画
讲述,剧情
HD头脑特工队国语版,喜剧 动画 冒险
热线,恐怖
HD冒牌监护人之寻宝闹翻天国语版,剧情 喜剧
春天里NEW,剧情
拍案说法重播,脱口秀
消失爱人,爱情 悬疑
二炮手,剧情 战争
如果树知道,短片 儿童
丛林总动员  ,喜剧 动画
HD奔跑吧兄弟国语版,真人秀
爱探险的朵拉III,儿童
HD圣诞奇遇结良缘国语版,喜剧 犯罪
致命黑兰,剧情 动作 惊悚 犯罪
文明之旅,动画
妻子的第二次出走上,情色
HD嘿孩子,剧情 家庭
报告老板贺岁篇 ,剧情 喜剧 短片
饿狼传说现场版,剧情 恐怖
HD疑犯追踪第一季原声版New,剧情 悬疑 犯罪
HD女佣变凤凰R原声版,剧情 喜剧 爱情
家族谜案,@悚
黑日危机,动作 惊悚 冒险
开心鬼放暑假国语版,喜剧 奇幻
天真遇到现实第集,喜剧
神勇双响炮续集国语版,喜剧 动作
大哥 ,剧情 家庭
真相  克拉玛依的油气世界 第二集,纪录片
HD生死兄弟情,剧情
杰克与梦幻岛海盗第二季,动画 儿童
圈里圈外 ,剧情 悬疑
HD中间人国语版,喜剧
银河奥特曼S ,科幻
疯狂动物城,喜剧 动画 冒险
安居 ,剧情 家庭
暴疯语,悬疑 惊悚
星星之火第集,喜剧 舞台艺术
勇闯黄金城,喜剧 爱情 动画 家庭 冒险
HD爱人同志new,剧情 战争
HD金牌投资人第集,剧情
极限野营,剧情 动作 运动
杀生,剧情 悬疑
吸血鬼学院嗜血姐妹,爱情 恐怖 奇幻
宠物物语 ,纪录片
哈利波特与魔法石,奇幻 冒险
驯龙记第一季,喜剧 动画
芳心何处,剧情 喜剧 爱情
死亡半径,科幻 惊悚
HD蜘蛛侠英雄归来原声版,动作 科幻 冒险
回看失算的婚姻计划法律讲堂生活版法治,脱口秀
HD哆啦A梦大雄的南极冰冰凉大冒险国语版,动画 冒险
瞬间坍塌,惊悚 恐怖
猫脸老太太,悬疑 惊悚 恐怖
战国,剧情 动作 爱情 悬疑 战争 古装
最后的骑士,动作 冒险
最终幻想：王者之剑,剧情 科幻 动画 奇幻 冒险
哭泣的婴儿,剧情 喜剧
单身男女,喜剧 爱情
HD分手不分手国语版,剧情 喜剧 爱情
和平战士,剧情 爱情 运动
夺命地铁,剧情 惊悚 灾难
我是证人,剧情 悬疑 犯罪
HD超人总动员国语版,喜剧 动作 动画 冒险
吸血鬼日记S ,剧情 爱情 恐怖 奇幻
TICO欢乐假日周末,剧情 爱情
走火交易,喜剧 动作 犯罪
HD我的爱情撞上了战争,剧情 战争
裸婚之后DVD版 ,爱情 家庭
最佳拍档女皇密令,喜剧 动作
独立日国语版,动作 科幻
复仇者联盟,动作 科幻 奇幻 冒险
赌侠之上海滩赌圣,喜剧 奇幻
HD呖咕呖咕新年财国语版,喜剧
ET外星人R原声版,剧情 科幻
再次回家,剧情 喜剧 爱情
燃烧的港湾,剧情
北方大地new,剧情
美女与野兽,爱情 歌舞 奇幻
马达加斯加欧洲通缉犯,喜剧 动画 冒险
HD超完美夺分预告片,喜剧 犯罪
铁血轻奇兵,战争
HD二代妖精国语版,喜剧 爱情 奇幻
HD何以笙箫默,爱情
凌晨三点,惊悚 恐怖
功夫世家,喜剧 动作
HD王牌逗王牌国语版,喜剧 动作 冒险
金秋相声大联欢,家庭
层层追凶,剧情
情圣R国语版,剧情 喜剧 爱情 动画
四大名捕国语版,动作 爱情 悬疑 武侠 古装
HD长短脚之恋国语版,喜剧 爱情
恐怖角,惊悚 犯罪
亡命鸳鸯国语版,剧情 犯罪
探长欧光慈 ,剧情
HD疑犯追踪第五季原声版,剧情 动作 科幻 悬疑 惊悚
HD赛罗奥特曼英雄传new,科幻
同桌的你,剧情 爱情
没有目的地,科幻 悬疑
HD我站在桥上看风景第集,剧情 爱情
小燕子,动画 短片
舌尖上的年味 第一季 ,纪录片
铜雀台,剧情 古装
相忘于江湖,剧情
失陷猩球,动作 科幻
伦敦任务,喜剧
名侦探柯南：章节ONE 变小的名侦探,动画 悬疑
向幸福前进new,剧情 家庭
岁少年歌述心声,短片
戴拿奥特曼 ,科幻
新名侦探柯南Ⅸ,动画 悬疑
终极救援,动作 惊悚
独脚乐园 ,动画 儿童
疯狂小糖第季 ,动画
行者,短片
诱惑单行道,剧情 爱情
咱家决胜制高点,剧情 运动
行者 ,短片
军师联盟,剧情 爱情 战争 古装
樱桃小丸子,剧情 喜剧 动画 家庭
小戏骨之我要当红军第集,剧情 音乐 儿童 战争
运动不一样,剧情 爱情 家庭
航海王之TV原创篇,剧情 动作 动画 冒险
臭屁虫,动画 短片
一剧场浪花淘尽―,剧情 爱情
小楼又东风new,剧情 爱情
十里桃花,剧情 爱情
芭比之公主学校预告片,动画 家庭
我的青春谁做主,剧情 爱情
全民超人汉考克,喜剧 动作 科幻
爱探险的朵拉第七季 ,剧情
尖峰时刻,喜剧 动作 惊悚 犯罪
HD校花我爱你原声版,喜剧 爱情
坏法官第一季 ,剧情 动画
我在黑社会的日子国语版,剧情 犯罪
变形活宝国语版,喜剧 儿童 冒险
突击中央银行,剧情 动作 惊悚 犯罪
宝宝巴士之神奇简笔画 ,动画 音乐 儿童
小蜜蜂 ,动画
粉红猪小妹第四季,剧情 动画 家庭 儿童
爵士兔之奇幻之旅,儿童
安德的游戏,动作 科幻 冒险
好先生,剧情 爱情
末日情人,喜剧 爱情
侠盗联盟,动作 冒险
经典咏流传,真人秀
乡村爱情 ,剧情 喜剧 爱情
HD卫斯理之蓝血人国语版,动作 爱情 科幻
网球王子TV版III,动画
HD青云志第集,奇幻 武侠 古装
魔女嘉莉,剧情 恐怖
隋唐演义 ,剧情 历史 古装
御猫三戏锦毛鼠,喜剧 动作
星光璀璨演唱会Ⅰ,动画
木星上行原声版,动作 科幻 冒险
HD旋风少女第二季第集,剧情
初恋未满,剧情 爱情
但丁密码,悬疑 惊悚
HD胡杨的夏天国语版,喜剧 爱情
好看中国蓝,剧情 战争
蜡笔小新之我的超时空新娘原声版,动画
灵魂战车,动作 惊悚 奇幻
直击巡逻现场下,纪录片
野蛮密笈,喜剧 动作 奇幻
遗落战境,动作 科幻 悬疑 冒险
我该怎么办 ,喜剧 短片
一路逆风,纪录片 音乐
星球大战第一集魅影危机,动作 科幻 冒险
刺客学妹原声版,喜剧 动作 冒险
火力少年王动画版TV版 ,动画 运动
中国古代大家故事 ,喜剧 古装
电影当你熟睡西班牙,纪录片
寂寞空庭春欲晚,剧情 爱情 古装
不白之冤,剧情 动作 悬疑 犯罪
HD校花的贴身高手第集,剧情 爱情
破产姐妹S ,喜剧
易烊千玺严中选优黄子韬激将引老炮迎战,歌舞 真人秀
名侦探柯南XI,动画 悬疑
鼠来宝原声版,喜剧 动画 音乐 奇幻 冒险
巨人捕手杰克,剧情 奇幻 冒险
妈妈像花儿一样,剧情 喜剧
咸鱼翻生国语版,喜剧
道士下山国语版,喜剧 动作 奇幻 冒险 武侠 古装
军营大舞台,剧情 爱情 战争
猎刃,剧情
狐妖小红娘 ,动画
大婚告急,剧情 喜剧 爱情
战马,剧情 战争
火锅英雄国语版,剧情 犯罪
消防员山姆第四季,真人秀
HD黄飞鸿少林拳国语版,动作
HD漂洋过海来看你第集,剧情 爱情
微爱之渐入佳境,喜剧 爱情
少年王阳明 ,剧情 传记 历史
A计划国语版,喜剧 动作
S的秘密国语版,剧情 爱情
HD战地狮吼,剧情 战争
强袭猛攻,动作
大明宫词new,剧情 爱情
哆啦A梦特别篇,动画 奇幻 冒险
冲浪企鹅,喜剧 动画 家庭 运动
非凡任务国语版,剧情 动作 犯罪
邻家女特工第一季原声版,剧情 动作 犯罪
HD致命性游戏原声版,剧情 爱情 惊悚
豆腐味道四,纪录片
马兰花开,剧情
木乃伊预告片,喜剧 短片
荒村凶间,悬疑 惊悚
托马斯成长记,剧情 喜剧 家庭
新大头儿子和小头爸爸之一日成才,喜剧 动画 家庭
青春集结号,剧情 喜剧
七巧板,儿童 真人秀
世界上最昂贵的食物,纪录片
电影密室之不可告人,悬疑 惊悚
布朗神父 第四季 ,剧情 悬疑 犯罪
蜡笔小新第五部,喜剧 动画
厉害了我的国,音乐 真人秀
HD我家有一只河东狮国语版,喜剧
乐高星球大战尤达编年史,动画
HD血战钢锯岭国语版,剧情 传记 历史 战争
同步,科幻 悬疑 惊悚
失眠男女国语版,喜剧 爱情
达摩祖师 ,剧情 动作 传记 武侠 古装
源代码,科幻 悬疑 惊悚
葫芦兄弟第一季 ,动画 儿童
HD超模第一季钢管舞,真人秀
HD外公芳龄国语版,剧情 喜剧
红色护卫,剧情
谈判官 ,剧情 爱情
宝贝宝贝合辑,动画
超凡战队之极度动力 ,动作 科幻 冒险
HD刀锋战士原声版,剧情 悬疑 惊悚 恐怖 犯罪
跳跳鱼世界第二季 ,动画
天梯：蔡国强的艺术,纪录片
蝴蝶效应：启示,剧情 科幻 惊悚 犯罪
小品家的谎言,剧情
猪猪侠之拼装特工队,动画 奇幻
乐高超级英雄正义联盟对比扎罗联盟,动作 科幻 动画
与魔鬼同行,剧情 惊悚 犯罪
金衣女人,剧情 传记 历史 战争
飞鸿笑传之黑蝙蝠,喜剧 动作 爱情 历史 冒险 武侠 古装
穿越雷区原声版,科幻 历史
蜘蛛侠,动作 科幻 冒险
爱在星空下,爱情
秦汉英雄传 ,动画 武侠 古装
梅格雷探案 ,剧情 犯罪
HD越狱第一季原声版,喜剧 动画 短片
HD我是路人甲国语版,剧情 喜剧
L艾露,剧情 音乐
识骨寻踪第一季原声版NEW,剧情 爱情 悬疑 犯罪
听见下雨的声音,爱情 音乐
真爱与背叛,剧情 历史
火线出击下第集,剧情
了不起的菲丽西,喜剧 动画 歌舞 冒险
HD千与千寻,剧情 动画 奇幻
HD老表毕业喇国语版,喜剧 爱情 家庭
赛车总动员,喜剧 动画 冒险
脱线女王,剧情 喜剧
兰戈,喜剧 动作 动画 西部 冒险
歪小子斯科特,喜剧 动作 爱情 奇幻
春娇救志明粤语版,剧情 喜剧 爱情
可爱小蓝狗IIInew,纪录片
潭子湾小学十五年纪录片编辑室纪实,纪录片
玩命狙击,动作 犯罪
小品宠物也疯狂,喜剧 爱情 家庭
新扎师兄国语版,动作
帮帮龙出动 ,动画
那片星空那片海第二季,爱情 奇幻
闲话上海滩,动作 惊悚 犯罪
过往,剧情
血狼犬国语版,剧情 动作 冒险
宝宝巴士奇妙汉字第一季,真人秀
HD妈妈咪鸭,喜剧 动画 家庭 冒险
HD海上钢琴师原声版,剧情 音乐
插翅难逃,剧情 动作 犯罪
中国电影报道,纪录片 历史
跳跃战士 ,动画
HD爱回家之开心速递第十四部国语版,剧情 喜剧 家庭
猫和老鼠：绿野仙踪,动画 家庭
聪明的顺溜之雄鹰小子Ⅱ,动画
电影珍爱泉源美国,剧情 科幻
家园防线,动作 惊悚 犯罪
迷局,剧情 动作 犯罪
在胡耀邦身边的日子上往事,科幻 惊悚
黑名单 第三季 ,剧情 悬疑 犯罪
幽兰湖之御厨驾到第二季 ,喜剧 爱情
怒海救援,剧情 动作 惊悚
恰克大冒险第二季,动作 动画 奇幻 冒险
潜行狙击,剧情 动作 爱情
名侦探柯南：世纪末的魔术师,喜剧 动画 悬疑 犯罪 冒险
逮捕令第一季 ,剧情 动画
HD影讯娜塔莉波特曼科幻湮灭观影指南,剧情 爱情
HD边境风云,剧情 犯罪
少年钢铁侠 ,动作 科幻
夺命金剑,冒险
少年骇客第一季,剧情 动画
怨灵,惊悚 恐怖
勇士的荣耀,剧情
热血街区电影版,动作
HD时空使徒,剧情 动作 动画 奇幻
HD大内密探零零发R国语版,剧情 喜剧 动作 爱情
哈利波特与凤凰社,奇幻 冒险
急诊室故事Ⅱ有你真好,真人秀
TOP GEAR ⅩⅩⅠ,纪录片
夏洛特烦恼国语版,喜剧 爱情
百戏孩童纪录片编辑室纪实,纪录片
开心宝贝大作战,喜剧 爱情
王牌保镖国语版,喜剧 动作 犯罪
HD小时第七季原声版,剧情 动作 悬疑 惊悚 犯罪
HD我的青春遇见你第集,剧情 爱情 家庭
HD对抗性侵犯原声版,剧情
喜羊羊与灰太狼之羊年喜羊羊预告片,喜剧 动画 家庭 奇幻 冒险
狂兽预告片,短片
异次元骇客原声版,科幻 悬疑 惊悚
HD笑傲江湖,剧情 武侠 古装
无敌极光侠,动作 科幻 动画 奇幻 冒险
地球生灵原声版,纪录片
HD萌猫三剑客国语版,动画 短片
超变武兽,动画 战争 冒险
陈慧娴Back To Priscilla三十周年演唱会,音乐 传记
HD孤独的美食家第四季原声版,剧情
可恶的老板,剧情 悬疑 犯罪
名侦探柯南剧场版：异次元的狙击手国语版,动画 悬疑 犯罪
魔角侦探第二季TV版,真人秀
HD湖南卫视跨年演唱会下,音乐 歌舞 真人秀
HD偷天奇谋原声版,惊悚 犯罪
嗜血破晓,剧情 动作 科幻 恐怖 犯罪
明星家族的天夜,真人秀
死亡约定,惊悚 恐怖
茶馆,剧情 历史
关中义事,剧情 爱情
迂回,惊悚
粘豆包,爱情 家庭
破碎之城,剧情 惊悚 犯罪
花谢花飞花满天,剧情 爱情 古装
电影人口交易英国,剧情 动作 犯罪
刀剑神域序列之争,科幻 动画 冒险
最美的夜晚,剧情 爱情
芭比之仙子的秘密国语版,动画 家庭 奇幻
声之形,剧情 爱情 动画
仰望星空筑梦未来,纪录片 传记 历史
爱回家之开心速递第十二部国语版,剧情 喜剧 家庭
幽默秀反整蛊乔杉 修睿 大兵,喜剧 真人秀
城里的月光,剧情 爱情 家庭
澳门国语版,剧情 爱情
disney我们是公主,剧情 爱情
恐怖游轮,剧情 悬疑 惊悚
HD我的团长我的团,历史 战争
电影疯狂万圣夜美国,喜剧
HD芭比之狗狗大冒险国语版,动画
唐顿庄园第三季,剧情
中华医药,剧情 纪录片 家庭 真人秀 脱口秀
最强力量：disney小龙大功夫,儿童
童心撞地球,喜剧
最强战士迷你特工队,动画
明月几时有国语版,剧情 历史 战争
美少女战士Crystal,动画 奇幻
绝海的侦探国语版,动画 悬疑 犯罪 冒险
恐怖宠物店,动画 悬疑 恐怖 奇幻
HD芭比公主三剑客国语版,动画 家庭
HD锦绣未央,剧情 爱情 古装
HD真正男子汉,真人秀
HD娱乐专题一席之地关晓彤第十集跨界喜剧王第二季娱乐,喜剧 脱口秀
火力少年王之传奇再现第二季,动画
食梦者玛丽,动画 奇幻 冒险
星球大战原力觉醒预告片,动作 科幻 冒险
小飞机卡卡第四季,动画
所有美好的东西,剧情 悬疑 惊悚
过埠新娘国语版,喜剧 动作
她去见了谁,喜剧 动画 冒险
生活大爆炸 第三季,喜剧
彩虹,喜剧 家庭
HD你的名字国语版,爱情
当年情蔡琴演唱会,剧情 喜剧 音乐
城市小英雄 第一季,动画 儿童 冒险
HD哆啦A梦大雄的南极冰冰凉大冒险原声版,动画 冒险
HD你怎么知道原声版,剧情 喜剧 爱情
主厨的餐桌第二季第集,纪录片
超人总动员,喜剧 动作 动画 家庭 冒险
完美风暴,剧情 灾难
钢铁人与浩克 联合战记,动画
我死前的最后一个夏天第集,纪录片
山河故人,剧情 家庭
超级名模,喜剧
HD求生一加一探索纪实,纪录片 冒险
HD三少爷的剑国语版,剧情 动作 武侠 古装
外公芳龄预告片,剧情 喜剧
这就是命,喜剧 犯罪
HD孤独的美食家第一季原声版new,剧情
穿越时空的少女,剧情 爱情 科幻 动画
杀破狼国语版,剧情 动作
洛克王国圣龙的守护国语版,动画 奇幻 冒险
末日侵袭,动作 科幻 惊悚
HD罗马第一季原声版,剧情 悬疑
HD赖家王老五原声版,喜剧 爱情
鸟人,剧情 喜剧
HD马达加斯加国语版,喜剧 动画 冒险
一夜成长,剧情 喜剧 音乐
泰迪熊预告片,喜剧
怒江之战,剧情 战争
HD超级魔术师传奇纪实,纪录片 真人秀
赛罗奥特曼外传流星的誓言国语版,科幻
HD护花危情国语版,剧情
HD我老婆唔系人国语版,喜剧 悬疑
土豆侠,动画
HD诺亚方舟漂流记国语版,喜剧 动画 冒险
笑傲江湖娱乐,剧情 武侠 古装
卡酷动物园,科幻 动画 冒险
三个火枪手,动作 爱情 冒险
多米诺之家,动画
HD高清影讯马达加斯加番外疯狂情人节,动画 短片
吃人游戏：disney小龙大功夫,儿童
芭比之真假公主国语版,喜剧 奇幻 古装
前任的问题该如何处理,爱情 同性
HD重案组第五季原声版,剧情 悬疑 惊悚 犯罪
HD魂斗罗部队原声版,动作 惊悚
乐高精灵的故事,动作 科幻 动画
HD怪兽原声版,科幻
乒乓球团体世界锦标赛女团决赛,纪录片
HD影讯北美票房猩球崛起力压蜘蛛侠英雄归来,动作 科幻 冒险
环太平洋预告片,动作 科幻 冒险
米奇妙妙屋的火车：米奇宝贝disney中文,喜剧 动画 家庭
恋爱自由式国语版,爱情
麦兜当当伴我心,喜剧 动画
星际迷航：超越星辰,动作 科幻 冒险
飞行皇冠disney小公主苏菲亚,动画 家庭 儿童 奇幻
的士速递,喜剧 动作 犯罪
杀阱,动作
北京卫视春晚,真人秀
医恋俏佳人,剧情
HD兔侠传奇,喜剧 动作 动画 冒险 武侠
美女上错身第三季,喜剧
辣手警花,喜剧 动作 犯罪
史酷比与墨西哥妖怪,动画
痞客青春,喜剧
现在是几点凯蒂猫和她的朋友们教育,动画 儿童
饥鳄游戏原声版,剧情 惊悚 恐怖
HD练胆儿,剧情 喜剧
HD阿里巴巴所罗门封印国语版,喜剧 动画 冒险
shou,动作 科幻 惊悚 奇幻 冒险
龙珠地球超决战原声版,动作 动画 冒险
萌宝成长教育短片,动画 短片
HD绝地逃亡,喜剧 动作
HD东方有大海第集,传记 历史 战争
高墙有爱 天津篇,剧情 悬疑 犯罪
pig,剧情
HD致我们终将到来的爱情国语版,喜剧 爱情
远离尘嚣,剧情 爱情
警察锅哥第一季,剧情 动作 犯罪
HD美国星球原声版,动作 科幻 冒险
杨戬传,动作 奇幻 古装
乐高city,喜剧 科幻 动画
穿越麦田,剧情
超决战贝利亚银河帝国,动作
阿呆与阿瓜,喜剧
大律师在线,剧情 喜剧 犯罪
中国骑兵,剧情 历史 战争
见字如面Ⅱ,脱口秀
冷暖人生 春桃梦下,剧情 爱情 情色
复仇者机密黑寡妇与惩罚者,动作 动画
夏目友人帐 五,剧情 动画
鳄鱼的最后晚餐,纪录片
现实版乡村爱情,剧情 喜剧
标清 星光大道,音乐 传记
华山论鉴,武侠 古装
忍者神龟变种时代国语版,喜剧 动作 科幻 冒险
鲁豫有约一日行,真人秀
亲姐弟的六年之痒,剧情 爱情
神医落网记,纪录片
HD芭比之时尚奇迹国语版,动画 家庭
谁动了村里的路,家庭
高飞宝宝：米奇宝贝disney英文,喜剧 动画 家庭 冒险
HD案 狼人前传上,动作 科幻
星星的密室第二季,真人秀
HD活色生香第集,剧情 爱情 惊悚 情色
火力少年王第一季,剧情 运动
杰米熊之神奇魔术,动画 儿童
宝贝乖乖睡,剧情 喜剧 爱情
开心三响炮国语版,喜剧
星学院II月灵手环,动画
HD校阅女孩河野悦子原声版,剧情 喜剧 爱情
圣诞大赢家,喜剧 动画
标清 电影黄飞鸿英雄有梦,剧情 动作 爱情 武侠
青禾男高国语版,剧情
标清 赛季NBA季后赛 骑士VS凯尔特人 第二场,剧情
回不去的爱,剧情
福尔摩斯：基本演绎法 第季,剧情 悬疑 犯罪
全球风暴,动作 科幻 灾难
小鸡彩虹,动画
引狼入室,喜剧 爱情
动物看守员,喜剧 犯罪
小美人鱼第三季NEW,爱情 动画 歌舞 奇幻
HD神探夏洛克第三季原声版,剧情 悬疑 犯罪
除暴安良,剧情 动作 犯罪
中国未来航母将更大更先进,音乐 儿童 真人秀
就爱广场舞,喜剧 爱情 同性
HD小真与小花可爱巧虎岛,剧情 动画
水滴也疯狂,喜剧
HD追女仔国语版,喜剧 爱情
旭日之家,剧情 犯罪
HD熊出没之过年国语版,动画
飓风营救,剧情 动作 惊悚 犯罪
前任国语版,纪录片
生活麻辣烫 疯狂的科科,喜剧 动画 短片
王牌特工特工学院,喜剧 动作 冒险
佐罗国语译制,动作 爱情 西部 冒险
魔岛传奇,喜剧 奇幻 冒险
HD赌侠R国语版,情色
甜蜜准爸妈李佳航李晟,剧情 爱情
DOG DAYS 第三季,剧情 同性
合约情人,喜剧 爱情
非亲姐妹,剧情 家庭
摇滚萝莉 第季,喜剧 爱情
海上留声,纪录片 音乐 歌舞 历史 戏曲
我的片花,动画
精灵宝可梦比克提尼与白英雄 雷希拉姆,动画
第十三号仓库第一季原声版,剧情 科幻 悬疑
双熊流浪记,纪录片 家庭
陷害,剧情 犯罪 黑色电影
HD最佳拍档之千里救差婆R国语版,喜剧 动作
HD红高粱new,剧情 爱情 历史 战争
HD唐山大兄国语版,动作
幻体续命游戏,科幻 悬疑 惊悚
小猪佩奇佩佩猪玩具,剧情 动画 家庭 儿童
动画大放映喜羊羊与灰太狼之衣橱大冒险 第集 大镜的烦恼上,动画 儿童
HD疯狂丑小鸭国语版,喜剧 动画 儿童 冒险
战斗吧灵兽,动画
十字战争,动作
丢失的女鞋上,剧情 喜剧 爱情
宫崎骏萤火虫之墓,剧情 动画 战争
待到山花烂漫时,剧情
蓝色星球第季,纪录片
仙剑云之凡,爱情 奇幻 武侠 古装
最你最爱的情郎,剧情 爱情 奇幻
HD明月几时有国语版,剧情 历史 战争
父子雄兵预告片,喜剧
爱在瓦伦丁原声版,剧情 爱情
小品拳王争霸赛,剧情 动作 犯罪 运动
史上最牛落榜生,音乐 歌舞
HD龙之战国语版,纪录片
驯龙骑士,动画 冒险
木府风云,剧情 古装
yoohoo和他的朋友第二季,剧情
喋血神兵,剧情 战争
天使艾美丽,喜剧 爱情
HD黑夜传说原声版,动作
影讯古天乐杀破狼贪狼观影指南,剧情 动作
飞刀又见飞刀,剧情 动作 爱情
HD警匪警国语版,动作
我为相亲狂,喜剧 爱情
HD最后的警察第二季原声版,动作
HD复仇者联盟原声版,喜剧 情色
电视剧异镇new,剧情 喜剧 科幻
剑齿虎消失之谜下传奇纪实,纪录片
奏响各种乐器吧凯蒂猫和她的朋友们教育,动画
龙猫国语版,纪录片
害羞的小美下巧虎剧场,动作 动画 冒险
HD最佳拍档之女皇密令国语版,喜剧 动作
消防大本营上,剧情 动画 儿童
电影安尼卡班森：诺贝尔的遗嘱瑞典,剧情 惊悚
择天记,剧情 奇幻 古装
回看是你不懂女生心还是不愿意懂我爱情保卫战生活,剧情 喜剧 爱情
嘎巴宝宝第四季,家庭
相声这不是我的,喜剧 爱情
狗狗冲冲冲娱乐,剧情 喜剧
HD亲亲我好妈国语版,剧情 家庭
金刚狼和X战警,动作 科幻 动画 冒险
HD银河奥特曼怪兽争夺战国语版,科幻
粉红猪小妹第一季,剧情 动画 家庭 儿童
红蔷薇,剧情 爱情 家庭
铁马寻桥国语版,剧情
HD癫佬正传国语版,剧情
HD热血尖兵,剧情
HD哈利波特与混血王子英,剧情 奇幻 冒险
孙燕姿逆光庆功演唱会,音乐 歌舞 真人秀
冷暖人生 爱影浮沉下,剧情 爱情 家庭
远方的家  一带一路塔吉克斯坦 情暖杜尚别,纪录片
硬汉重生潘粤明,剧情 恐怖
霸王龙终极至尊,纪录片 冒险
湖南新闻联播,纪录片
HD开心勿语国语版,喜剧 爱情
喜羊羊与灰太狼之深海历险记,动画 儿童
生活麻辣烫 前任风波,喜剧 爱情
HD末日天启战原声版,动作 科幻
断链行动,动作 惊悚 犯罪
搜寻家：星际宝贝青春disney动画中文,喜剧 科幻 动画 家庭
高考毛坦厂的日与夜,剧情
暴躁恶霸：飞哥与小佛青春disney动画英文,动画 家庭 冒险
动物世界  聪明的建筑师,剧情 动作 冒险
有种你爱我国语版,喜剧 爱情
末日回旋,动作
我的小小美猴王,喜剧 爱情
有话好好说,剧情 喜剧
转机下,纪录片 音乐
HD教父R原声版,情色
铁在烧 第集,剧情 战争
乡约,真人秀
单挑荒野探索纪实,纪录片 真人秀
刑警兄弟国语版,喜剧 动作
HD憨豆的黄金周原声版,喜剧
HD麻辣变形计,剧情
HD家租客国语版,喜剧
HD金刚原声版,剧情 爱情 动画
探访惊魂,惊悚 恐怖
阿叩拿沃星槿,喜剧 爱情
妖神记,动作 动画
芭比公主三剑客国语版,动画 家庭
HD时空特战队,剧情
HD至暗时刻国语版,剧情 传记 历史
机器之血国语版,剧情 动作 科幻
小马宝莉友谊的魔力第季,喜剧 动画 家庭 儿童 奇幻
HD美国狙击手原声版,悬疑 惊悚 恐怖
和哥哥一起跑可爱巧虎岛,剧情 动画
移动迷宫烧痕审判预告片,动作 科幻 冒险
英雄少年历险记原声版,剧情
怒放之青春再见,剧情 爱情 音乐
宝宝巴士启蒙音乐剧之汽车家族,动画 音乐 儿童
黑豹原声版,剧情 音乐
HD星球大战原力觉醒原声版,动作 科幻 冒险
少年骇客：异形群体,科幻
蜡笔小新之动感超人大战高叉魔国语版,喜剧 动画
X战警第一战,剧情 动作 科幻
摔跤吧爸爸,剧情 家庭 传记 运动
史酷比鬼魅音乐,动画 家庭
月供,剧情 爱情
雾都夜话 母亲与儿子上,剧情 喜剧
水迹,纪录片
回看手艺第七季浓墨重彩探索发现纪实,纪录片
佩小姐的奇幻城堡国语版,剧情 奇幻 冒险
英雄祭,剧情 爱情
星际迷航,动作 科幻 冒险
小公主苏菲亚,动画 歌舞 家庭 奇幻
HD阿姆斯特朗原声版,纪录片
破产姐妹S,喜剧
窦娥奇冤国语版,剧情 动作 悬疑
HD憨豆特工原声版,喜剧
夺帅,动作 犯罪
名侦探柯南剧场版：绀碧之棺国语版,剧情 动画 悬疑 犯罪 冒险
非常营救,剧情 悬疑
HD云巅之上第季第集,剧情 悬疑 惊悚 犯罪
木乃伊龙帝之墓原声版,动作 惊悚 奇幻 冒险
杜德伟自称吃货,喜剧 科幻 动画
娱乐专题浪漫起来孙涛欢乐喜剧人,真人秀
乱世丽人行 第集,剧情 爱情
HD大只佬国语版,剧情 动作 惊悚
李宇春广州演唱会下,歌舞
首播中国故事周末版,爱情
丁丁历险记,动作 动画 悬疑 冒险
笑林足球,喜剧 运动
无敌浩克,动作 科幻 惊悚
水下世界第集,剧情 喜剧 家庭
花少团爆笑学跳桑巴舞,剧情 喜剧 科幻 动画 短片
知心爱人,剧情 悬疑 惊悚 犯罪
无厘头科学研究所汇编寰宇地理纪实,纪录片
雷鬼小鼠,喜剧 动画 奇幻
唐老鸭精灵：米奇宝贝disney中文,喜剧 动画 家庭 冒险
标清 电影袁天罡之夺命天敌重播,剧情
谍影重重 红色特工郭汝瑰,动作 悬疑 惊悚
失控的黑彩二,喜剧 历史
我该怎么办,剧情 爱情
老番茄之蝙蝠侠系列第集蝙蝠侠与黑帮老大,动作 科幻 奇幻 冒险
魔法黑森林,喜剧 歌舞 奇幻 冒险
电影安妮：纽约奇缘美国,剧情 喜剧 音乐 家庭
精灵旅社预告片,喜剧 动画 奇幻
乐享汇凤凰传奇演唱会,动作 科幻 冒险
美人鱼国语版,爱情 动画 歌舞 奇幻
黄昏,剧情 悬疑 惊悚 恐怖
HD傲慢与偏见原声版,剧情 爱情
大吉成长记暑期特辑,动画 儿童
三七小福星上,剧情 喜剧 爱情
艾特熊和赛娜鼠,动画
HD加勒比海盗死无对证国语版,动作 奇幻 冒险
HD淘气爷孙,剧情
HD蜘蛛侠,动作 科幻 冒险
像风一样,剧情 爱情
HD三生三世十里桃花国语版,剧情 爱情
HD见习法医 第集,音乐 舞台艺术
一场投资一场梦,纪录片
我是梦妮,剧情 喜剧
孔雀王子国语版,动作 奇幻 冒险
圣女贞德,剧情 传记 历史 战争
维克多弗兰肯斯坦,剧情 科幻 恐怖
风云,动作 奇幻 武侠
探索发现  考古进行时二铁血遗城,纪录片
HD神烦警探第一季原声版,喜剧
阿优学科学第二季,动画
火力少年王 动画版,动画 运动
电影后会无期,剧情
寒战国语版,纪录片
奥特曼贝利亚银河帝国国语版,动作
月球,剧情 科幻 悬疑
HD无间道第一季,剧情 悬疑 犯罪
穹顶之下第二季,剧情 科幻 悬疑
飞贼现形记,喜剧
龙拳天下,动作
五一乐三天,喜剧 歌舞 真人秀
纠缠,剧情 惊悚
睡吧小宝贝,纪录片
HD热血男人帮国语版,喜剧
胚胎保卫战,剧情 动作 古装
大河儿女,剧情
赛车总动员中文版,喜剧 动画 冒险
哆啦A梦 大雄的平行西游记,动画 奇幻 冒险
中国舆论场 HD,脱口秀
娱乐专题一年又一年贾玲张小斐东方卫视春晚细拆,歌舞 真人秀
女子特训队,剧情
回看大猫的故事自然传奇纪实,纪录片 家庭
边缘战士原声版,动作 惊悚 犯罪
女汉子真爱公式,喜剧 爱情
星际宝贝神奇大冒险第二季,喜剧 科幻 动画
高斯奥特曼日月第一击国语版,科幻 家庭 奇幻 冒险
HD自然世界：黑猩猩拍电视,纪录片
动植物大战,动画
HD命运规划局原声版,爱情 科幻
自行车的故事,剧情 家庭 儿童
电影热力四射加拿大,剧情
海贼王之强者世界国语版,动画
HD忘掉负心女原声版,喜剧
走出尘埃,剧情
斗魂无双之无字真经,剧情 动作 动画 短片
冷暖人生 爱影浮沉上,纪录片 传记
弱点,剧情 家庭 传记 运动
托马斯和他的朋友们 第四季,动画 短片 儿童
梦想起航,剧情 爱情 传记 冒险
熊出没奇幻空间预告片,动画 儿童
HD巴啦啦小魔仙国语版,儿童 奇幻 冒险
命中注定我爱你,喜剧 爱情
On Call 小时国语版,剧情
一个人的追逃,动作 惊悚
笑傲帮,喜剧 真人秀
少林传人国语版,喜剧 动作
我的朋友猪迪克,喜剧 动画 儿童
水浒,剧情 古装
外科风云,剧情 爱情
见字如面,脱口秀
无法忍受的影子,喜剧
远古X档案吸血鬼疑云,纪录片 历史
极限挑战Ⅳ精编版,剧情 历史 战争
圆圈,剧情 科幻 惊悚
草原音画,纪录片 短片
HD野性阿尔卑斯,剧情
宝宝巴士奇妙汉字第二季,动画 音乐 儿童
HD银魂新译红樱篇原声版,喜剧 动作 动画 古装
魔弹王,动画
本草中华第三集,剧情 犯罪
你是我的眼蒙面唱将猜猜猜,音乐 真人秀
冥界警局,喜剧 动作 犯罪 奇幻
血与骨,剧情
神童特工,喜剧 动作 科幻 家庭 冒险
HD狗脸记,剧情 喜剧
时间飞船,科幻 动画 家庭
神兽金刚,动画
生活麻辣烫 胖婆胖媳,家庭
未来水世界,动作 科幻 惊悚 冒险
标清 三妹 第集大结局,武侠
反恐特警组原声版,动作 惊悚 犯罪
来自喵喵星的你国语版,喜剧
欢乐送,剧情 爱情
电影狙击时刻,动作 悬疑 犯罪
HD生门,纪录片
回看你真的要和我分手吗爱情保卫战生活,剧情 爱情 奇幻
人质,惊悚
HD艾克斯奥特曼剧场版原声版,动作 科幻 动画
HD恐怖毕业照国语版,惊悚 恐怖
王鸥表白明道 潘玮柏为吴昕写歌,真人秀
德古拉new预告片,爱情 恐怖
外币大劫案东方法治,动作 犯罪
雾都夜话 邻居上,剧情 喜剧
HD黄飞鸿之英雄有梦,剧情 动作 爱情 武侠
萌鸡小队趣儿歌,动画 家庭 儿童
HD那件疯狂的小事叫爱情,喜剧 爱情
HD哈利波特与死亡圣器上英,剧情 奇幻 冒险
芭比之歌星公主预告片,动画
因父之名,剧情 传记
习近平主持召开十九届中央军民融合发展委员会第一次全体会议HD,纪录片
改变我人生的角色,爱情
骆驼客,动作 爱情 冒险
寻找多利可爱巧虎岛,剧情 动画
HD西游记之孙悟空三打白骨精国语版,喜剧 动作 奇幻
第四期 偶像练习生娱乐,喜剧 科幻 动画
我的老爸是奇葩new,喜剧 家庭 奇幻
HD笑傲江湖R国语版,动作 武侠 古装
酷我随行,剧情 喜剧
私人公园,爱情 悬疑
寻找小天使 中文版,纪录片 音乐 传记
生活麻辣烫 爸迓栊芎⒆,剧情 爱情
新娘大作战国语版,喜剧 爱情
皇家茶会disney小公主苏菲亚,动画 歌舞 家庭 奇幻
中西合璧上演家有喜剧,剧情 喜剧 爱情 家庭
HD黎明决战,剧情 悬疑
HD巧虎离家出走可爱巧虎岛,剧情 动画
一句话引发的悲剧,剧情
托马斯和朋友之雾雾岛大救援,动画 儿童
宙斯之子赫拉克勒斯,动作 冒险
HD不一样的美男子第集,爱情
航海王之托特兰篇,动画
HD战斗民族养成记第一季原声版,剧情 喜剧
弃婴窒息谁之过,剧情 爱情
狂兽国语版,剧情 动作 犯罪
南方哥哥北方妹,剧情 爱情
HD影讯北美票房神偷奶爸轻取极盗车神,喜剧 动画 冒险
HD阿拉丁国语版,爱情 奇幻 冒险
米奇大乐团音乐会：米奇宝贝disney中文,喜剧 动画 短片 音乐 家庭
HD寻人大师第集,纪录片
冷暖人生 无路可退 下,剧情 悬疑 惊悚 犯罪
承诺,剧情 爱情 历史
赤道国语版,纪录片
红玫瑰,剧情
红楼梦,剧情 爱情 古装
识骨寻踪第二季原声版,剧情 爱情 悬疑 犯罪
HD左耳国语版,爱情
班克斯督查 第四季,纪录片
摸金校尉落网记,奇幻 冒险
HD陕西航拍中国可爱的中国纪实,纪录片
勇者无惧国语版,动作 战争
无人驾驶,剧情 爱情
电影轰天皇家将,动作
温玉娟电影往事,剧情 家庭 儿童
名侦探柯南纯黑的恶梦原声版,动画 悬疑
何以笙箫默国语版,爱情
土豆侠第三季之追踪,喜剧 动画 奇幻 武侠
HD大梦西游伏妖记,喜剧 动作 奇幻
生活麻辣烫 闺蜜骗,喜剧 爱情 同性
冷暖人生 被遗忘的时光第三集,剧情 犯罪
金枪手徐宁,剧情 古装
第九期 偶像练习生娱乐,科幻 动画
全城通缉国语版,剧情 悬疑
重庆城会玩,动画 奇幻 冒险
HD盲约 第集,音乐 舞台艺术
HD紧急救护：黄金时间,纪录片
像素大战,喜剧 动作 科幻
HD八方传奇第集,音乐 舞台艺术
HD第期 爱情的样子,动画
名侦探乐乐可爱巧虎岛,剧情 动画
冷暖人生 抽屉里的情书上,剧情
HD谍海计中计原声版,剧情 动作 惊悚
豆福传国语版,动画
HD用火探索食物吐烤,纪录片
欢乐好声音,喜剧 动画 歌舞
中国家庭之母爱,剧情 爱情
阳光大道落地生根,喜剧
娱乐专题老男孩孙涛欢乐喜剧人,真人秀
韩冷好冷：disney小龙大功夫,儿童
健康第一,动画 纪录片 短片 家庭
维多利亚的秘密完整版,纪录片
银河奥特曼S剧场版决战奥特勇士,科幻
调动惹来麻烦事,剧情 喜剧
标清 天天把歌唱,音乐
了不起的孩子,儿童 真人秀
科学小子下,动画 短片
HD追鱼传奇第集,爱情 奇幻 古装
第二期 偶像练习生娱乐,动画 歌舞 儿童
HD古墓丽影中文版,动作 冒险
郑成功,历史 战争
奔跑吧有情人,剧情 喜剧 爱情
海绵宝宝历险记,喜剧 动画 冒险
丢失的女鞋下,剧情 悬疑 同性
HD孤胆保镖国语版,剧情 动作 犯罪
标清 电影月球探秘,喜剧 科幻 动画 家庭 奇幻
HD巧巧幼儿园的外星人可爱巧虎岛免费,剧情 动画
广东新闻联播,纪录片
凡人有喜 究竟是谁与我相亲,剧情
郑和下西洋,传记 历史 古装
中泰拳坛生死战国语版,动作
HD第六日原声版,动作 科幻 惊悚
耿直黄轩聊干柴烈火,剧情 喜剧 爱情
爱上仙女的男人,喜剧 爱情 奇幻
逗鸟外传：萌宝满天飞,喜剧 动画 奇幻 冒险
HD温暖的弦 第集,音乐 舞台艺术
神奇海盗团,喜剧 动画 家庭 冒险
萍萍的一封信,剧情
岁老兵回忆战争历史,剧情
HD新葫芦兄弟第一季,动画 儿童
美丽中国乡村行  骑寻苏木绰,纪录片
家的味道何处寻,剧情 爱情 家庭
曼哈顿夜曲,剧情 悬疑 犯罪
速度与激情国语版,动作 犯罪
李小龙上,喜剧 爱情
迪迦奥特曼戴拿奥特曼 星光战士,动作 科幻
你开心所以我快乐,爱情
谜巢国语版,动作 冒险
花园宝宝第三季,动画 家庭 儿童
最美丽的时候,剧情 爱情 短片 家庭
田教授家的二十八个保姆new,剧情 家庭
律政强人国语版,剧情 悬疑 犯罪
幽冥,动作 科幻 战争
HD鬼马狂想曲国语版,喜剧
小门神国语版,喜剧 动画 奇幻
点菜,剧情 喜剧 家庭
醋劲大发：星际宝贝冒险青春disney动画中文,喜剧 科幻 动画
食神魂 第二季,动画
蝎子网络第一季,剧情 悬疑 犯罪
HD超能陆战队国语版,喜剧 动作 科幻 动画 冒险
HD柯南真人版对决黑暗组织原声版,剧情
HD我是路人甲,剧情 喜剧
兄弟连,剧情 动作 历史 战争
降魔传预告片,喜剧 奇幻
名侦探柯南剧场版：天空的遇难船国语版,剧情 动画 悬疑 犯罪 冒险
东非大裂谷一,纪录片
超级食人鱼原声版,恐怖
电影一路惊喜,喜剧 爱情 家庭
蛇鹤八步,剧情 动作
HD决战江桥,剧情
证据,剧情
蝙蝠侠归来英,动作 科幻
重法制剧场,家庭
恩怨五十载,纪录片
哈利波特背后的故事,剧情 悬疑 奇幻 冒险
钟无艳国语版,纪录片
标清 为了一句话 第集,剧情
HD现在是几点凯蒂猫和她的朋友们教育,动画
重要的东西是什么可爱巧虎岛,剧情 动画
HD王牌特工特工学院原声版,喜剧 动作 冒险
战争之王巴巴罗萨计划,剧情 历史 战争
聊斋新编之画皮新娘,惊悚 恐怖
房间,剧情 家庭
冒险巧虎岛可爱巧虎岛,剧情 动画
帮手：少年魔法师青春disney真人剧中文,喜剧 科幻 家庭 儿童 奇幻 冒险
军事纪实  我的探亲假 你守护国 我守护你,剧情 喜剧 爱情
快乐星猫第一季,剧情 动作 科幻 动画
迷失东京,剧情 爱情
首法制剧场,剧情 科幻 悬疑
我叫白小飞,悬疑 恐怖
标清 综艺盛典,真人秀
血染大青山,剧情
无敌破坏王预告片,喜剧 动画 奇幻 冒险
浪人,动作 惊悚 犯罪
李天腾与赵小宝,喜剧
危情营救,动作 犯罪
HD转山,剧情 冒险
标清 电影驯马手,剧情 历史 战争
舍得时光味道中国可爱的中国纪实,纪录片
无敌浩克预告片,动作 科幻 惊悚
HD龙少爷R国语版,情色
HD娱乐专题我要创业郭麒麟阎鹤祥烧饼欢乐喜剧人,剧情 喜剧
HD大煞星与小鬼头国语版,喜剧 动作
佐州自救兄弟,喜剧 动作
撸时代 第一季,动画
再生时间,喜剧
HD刀不留人国语版,动作 冒险
琪琪当医生可爱巧虎岛,剧情 动画
生如夏花,爱情
HD豚鼠特攻队原声版,动作 动画 冒险
哈利波特与密室,奇幻 冒险
他是龙,爱情 奇幻 冒险
洛克王国大冒险第三季,动画
拍案说法 被拘禁的贷款人,脱口秀
一起来玩吧巧虎剧场,动作 动画 冒险
HD小黄人大眼萌原声版,喜剧 动画
大买家,真人秀
铠甲勇士之帝皇侠,科幻
蝙蝠侠英,剧情 动作 科幻 惊悚 犯罪
咱们相爱吧DVD版,剧情 爱情
HD漆黑的追踪者国语版,动画 悬疑
赛事集锦英超世界,运动 脱口秀
哈利波特与密室国语版,奇幻 冒险
disney我是公主,家庭 奇幻
猫鼠游戏预告片,剧情 传记 犯罪
生死兄弟情,剧情
名侦探柯南剧场版：业火的向日葵,动画 悬疑 冒险
超人之死,剧情 动作 动画 冒险
爱不解释,剧情 爱情
小猪佩奇 第五季,儿童
云上游戏可爱巧虎岛,剧情 动画
忠诚与背叛,剧情 历史
杀死信使,剧情 悬疑 犯罪
HD猫咪老师初次跑腿原声版,剧情 动画
HD纳尼亚传奇中文版,剧情 奇幻 冒险
HD美国犯罪故事第一季原声版,剧情 犯罪
HD巨蛛怪原声版,喜剧 动作 科幻
HD黄飞鸿国语版,纪录片
巴利维克的假期disney小公主苏菲亚,动画 歌舞 家庭 奇幻
米奇妙妙屋第五季NEW,喜剧 动画 家庭
我为喜剧狂精编,喜剧
锦绣缘华丽冒险 TV版,剧情 爱情
是谁在敲门,剧情 传记 运动
火线追凶之掘墓人,剧情 动作
可爱小蓝狗,剧情 音乐 传记
金色小提琴,剧情
HD变形金刚领袖的挑战第一季,喜剧 动作 动画 冒险
HD娱乐专题钥匙孙艺洲第二集跨界喜剧王第二季娱乐,喜剧 脱口秀
川岛芳子国语版,剧情 动作 爱情 战争 犯罪
妈妈育上娃,真人秀
天下足球第一颗星,纪录片
HD女医明妃传,剧情 古装
HD芭比之非凡公主国语版,动画
战争之王攻占法国,剧情 犯罪
庇护,剧情
HD锻刀,剧情 战争
电影鲛珠传,喜剧 动作 爱情 奇幻
HD漂洋过海来爱你国语版,剧情
两位公主可爱巧虎岛,剧情 动画
HD机械师国语版,纪录片
卡车上掉下的小提琴,剧情
HD情陷夜巴黎原声版,剧情 爱情 情色
小眼睛的姑娘,剧情 爱情
电视剧场昙花梦―铁血荣耀,剧情 悬疑
电影初恋红豆冰马来西亚,喜剧 爱情
生命之书,喜剧 动画 奇幻 冒险
我是江小白,剧情 爱情 动画
HD萌宝小动物宠物宝宝,喜剧 动画
梨园闯关我挂帅,歌舞 真人秀
给荨麻小姐让路disney小公主苏菲亚,动画 歌舞 家庭 奇幻
HD奥特曼贝利亚银河帝国国语版,动作
博物馆的工与美,剧情
HD火影忍者新月岛动物骚动原声版,动作 动画 冒险
爱情那么傻,剧情 喜剧 爱情
大宅男,喜剧 爱情
HD天师钟馗第集,音乐 舞台艺术
末路天堂,剧情 犯罪
山海经之赤影传说,奇幻 古装
焰之环,动画 悬疑
HD追爱万里行原声版,剧情 喜剧 爱情
硬汉,喜剧 动作
哆啦A梦大雄的创世日记,动画 奇幻 冒险
少年锦衣卫第二季第集,剧情 动画 武侠
与全世界做生意,纪录片
麻雀变王妃预告片,喜剧 爱情
神秘花园,剧情 家庭 奇幻
天鹅公主之皇室传说,动画 家庭 奇幻
HD大梦西游女儿国奇遇记,剧情 喜剧 爱情
哆啦A梦日本诞生国语版,动画 奇幻 冒险
卫子夫,剧情 古装
HD国家宝藏秘密之书原声版,喜剧 动作 悬疑 惊悚 冒险
泡沫之夏国语版,爱情
回看生存之道自然传奇纪实,纪录片
HD因为遇见你第集,剧情 爱情
太公奇书,喜剧 动画 奇幻 冒险
爱得难分难舍,剧情 喜剧 家庭
捉妖记,喜剧 奇幻
小伶玩具之小伶实验室,动画 儿童
哈利与萌萌兔第二季,剧情 悬疑 奇幻 冒险
全球中文音乐榜上榜,音乐
百寿探秘,纪录片
吹响 上低音号,喜剧 爱情 动画 音乐
阿布故事愚公移山,纪录片 短片 儿童 传记 历史
HD海绵宝宝历险记原声版,喜剧 动画 冒险
HD八旗俱湮晚清军事图志可爱的中国纪实,纪录片 历史
HD赛尔号战神联盟国语版,动画 儿童 冒险
甘布大冒险,喜剧 动画 歌舞 奇幻
革命之路,剧情 爱情
生活麻辣烫 一根筋的幸福生活上,纪录片 短片
电影杀手追缉战美国,剧情 喜剧 犯罪
HD蜀山战纪第季第集,真人秀
秦汉英雄传,动画 武侠 古装
冬天里的一把火,喜剧
蜘蛛侠英雄归来原声版,动作 科幻 冒险
社会传真,纪录片 短片
电影芭比公主三剑客美国,动画 家庭
回看我再也不骗你了请不要离婚爱情保卫战生活,剧情 喜剧 爱情 犯罪 奇幻
京剧大闹天宫,动画 奇幻
哪里的人最会做生意,喜剧
美国队长国语版,动作 科幻 冒险
巨蛛怪原声版,喜剧 动作 科幻
HD鬼马智多星国语版,喜剧
陈乔恩街头亲吻王凯,剧情 爱情
HD草原上的花束可爱巧虎岛,剧情 动画
忍者,剧情 动作 惊悚 犯罪
魔发奇缘预告片,喜剧 动画 冒险
HD单挑荒野探索纪实,纪录片 真人秀
星际穿越上,剧情 科幻 冒险
龙斗,动作 情色
名侦探柯南纯黑的恶梦国语版,动画 悬疑
相亲大作战,喜剧 爱情
HD叶问国语版,剧情 动作 传记
锅盖头战火之地,动作
维多利亚的秘密内衣大秀,纪录片
HD天眼传奇国语版,动画 奇幻 冒险
相声最佳拍档,剧情 喜剧
精武门国语版,喜剧 动作
电击小子 第一季,动画
爱情限时恋未尽,剧情 喜剧 爱情
奇异博士预告片,动作 奇幻 冒险
不一样的世界日月星宿,纪录片 传记
波牛国语版,动作 运动
HD摔跤吧爸爸国语版,剧情 家庭 传记 运动
大风歌,剧情 古装
HD以暴制暴原声版,动作
HD上海王国语版,纪录片
大耳朵图图第部TV版,喜剧 动画 冒险
HD土豪国语版,动作 科幻 动画 悬疑 犯罪 冒险
HD小动物大动物凯蒂猫和她的朋友们教育,喜剧 动画 家庭 奇幻 冒险
熊出没之夺宝熊兵预告片,喜剧 动画 家庭 冒险
知名画作解析,纪录片
中国航母未来可能这样吗,纪录片
成长的烦恼笑中带泪,喜剧
HD突击再突击 第集,剧情
武松,武侠 古装
重庆地产重,剧情 动作 科幻 动画
魔幻陀螺第二季,动画
HD三八线new,剧情 战争
HD第届艾美奖颁奖典礼,剧情 喜剧 音乐 舞台艺术
心中的太阳,剧情
HD富春山居图国语版,动作 冒险
水浒传,历史
哆啦A梦恐龙骑士国语版,动画 奇幻 冒险
魔兽国语版,动作 奇幻 冒险
超级动漫秀回顾,动画 脱口秀
越界犯罪：致命邂逅,惊悚 犯罪 黑色电影
电影超能陆战队美国,喜剧 动作 科幻 动画 冒险
标清 电影锦衣卫,动作 惊悚
致命螺旋,动作
永远十六岁,喜剧
UFC格斗之夜第期,动作 动画 奇幻
HD欧布奥特曼,科幻
钱学森,传记
HD河豚国语版,纪录片
HD霍比特人五军之战原声版,动作 奇幻 冒险
鼠国流浪记,喜剧 动画 家庭 冒险
HD回家的诱惑,剧情 爱情 家庭
企鹅部落,动画
冷暖人生 同一屋檐下下,喜剧
花园战争第十期小玉米挑战夺礼之战,真人秀
托马斯和朋友之城堡大冒险,动画 儿童
洋妞到我家国语版,剧情 喜剧 家庭
生活麻辣烫 娘家也是家,剧情 爱情
美丽中国乡村行  鱼米之乡寻鱼,纪录片
金牌调解精选,真人秀
小幽灵：星际宝贝青春disney动画中文,喜剧 科幻 动画 家庭 冒险
靴猫大冒险第三季,喜剧 动画 家庭 冒险
爱在招生部,喜剧 爱情
金发奇女,剧情 爱情
HD你好旧时光第集,剧情 爱情
喜羊羊与灰太狼之羊年喜羊羊,喜剧 动画 家庭 奇幻 冒险
圣鹿之死,剧情 悬疑 惊悚
HD娱乐专题女驸马栗坤杨树林第六集跨界喜剧王第一季娱乐,喜剧 脱口秀
HD反转人生,喜剧 奇幻
性命攸关的电话,剧情
标清 电影杀破狼,剧情 动作
龙之谷破晓奇兵国语版,动画 奇幻 冒险
湄公河行动预告片,动作 犯罪
HD娱乐专题二胎三十六计王博文杨树林第二集跨界喜剧王第二季娱乐,喜剧 脱口秀
HD请回答 第集,音乐 舞台艺术
龙门镖局,喜剧 古装
蝙蝠侠之子,动作 动画 冒险
车祸撞出的娃,剧情
烈日灼心,剧情 悬疑 犯罪
HD我的前半生第集,剧情 家庭
的士女王,喜剧 动作 惊悚 犯罪
HD佩小姐的奇幻城堡国语版,剧情 奇幻 冒险
HD美味奇缘,剧情 爱情
家庭版麻辣火锅,剧情 喜剧
HD妖猫传国语版,剧情 悬疑 奇幻 古装
瓦尔特保卫萨拉热窝,战争
HD星球大战外传侠盗一号国语版,动作 科幻 冒险
豆富小僧,动画
温暖的弦,剧情 爱情
健康之路  牙齿不齐也是病,剧情
死人之夜,悬疑 惊悚 恐怖
守护者联盟,动画 家庭 奇幻 冒险
不买不高心,剧情 悬疑
熊出没之过年预告片,动画
标清 电影群英会,戏曲
最美是你 DVD版,剧情 爱情
美丽俏佳人,剧情 爱情
无耻之徒 第二季,剧情 喜剧
标清 热血尖兵 第集大结局,武侠
HD嗨唱起来娱乐,音乐 真人秀
占水师,剧情 战争
可爱卡,动画
HD芭比之长发公主国语版,动画 家庭
护花危情国语版,剧情
爱情大师,喜剧 爱情 运动
征服,剧情 犯罪
冷暖人生 春天花会开上,剧情 儿童
HD芭比之钻石城堡国语版,动画 歌舞 家庭
归来,剧情 爱情 历史
HD周末父母第集,音乐 舞台艺术
第九区原声版,剧情 动作 科幻 惊悚
美国恐怖故事 第季,剧情 悬疑 恐怖
HD百变星君国语版,喜剧 科幻 奇幻
HD劫中劫,惊悚 犯罪
大力水手,喜剧 动画
热血青春,喜剧 爱情
百家讲坛  中华家训误读的聪明,纪录片
柜子里的人,剧情 科幻 惊悚
HD初代吸血鬼第一季原声版,剧情 悬疑 恐怖 奇幻
爱情珠宝,剧情
HD娱乐专题你是我最深爱的人狮子合唱团歌手娱乐,剧情 爱情
奇点,科幻
动物世界  家有萌狗,剧情 家庭 运动
上海传奇国语版,纪录片 历史
HD人在驴途国语版,喜剧
一剧场铁血荣耀―,剧情 家庭 运动
傲娇与偏见国语版,喜剧 爱情
性与早餐,纪录片
华商启示录,脱口秀
天剑,动画
霍顿与无名氏,喜剧 动画 冒险
HD故梦,剧情
暧昧侦探,喜剧 爱情 悬疑
HD澳门国语版,剧情 爱情
沉睡谷 第季,剧情 动作 恐怖 冒险
不能没有你,剧情 家庭
凯尔特人VS勇士赛季NBA常规赛,剧情
天真遇上现实,喜剧
魅力中国城,真人秀
金戈梨园,剧情 戏曲
生活麻辣烫 爱情大逃亡下,剧情 战争
孤战 第集,奇幻 冒险
中国越野拉力赛,真人秀
一粒红尘,剧情 爱情
边城追捕下,剧情 爱情
玉骐麟之仙灵奇域,动画 奇幻
意大利人在俄罗斯的奇遇国语版,喜剧 冒险
HD银河奥特曼决战勇士原声版,科幻
生命之树,剧情 家庭 奇幻
天猫双十一狂欢夜晚会,歌舞
地心引力预告片,喜剧 动画 短片 奇幻
为什么要刷牙,纪录片
解码英国喜剧之王 揭秘戏剧大师憨豆先生,喜剧 家庭
生活麻辣烫 父爱如山,剧情 家庭
HD地心历险记英,动作 科幻 冒险
罄竹难书上集正义之剑档案纪实,纪录片
灵狐圣子 圣子出世,奇幻 武侠 古装
芭比之时尚奇迹国语版,动画 家庭
HD向幸福前进,剧情 家庭
天赋,剧情 家庭
牡丹花下,剧情
HD第七谎言国语版,悬疑 犯罪
深圳合租记,喜剧 爱情
生活大发现,喜剧
神偷奶爸原声版,喜剧 动画 冒险
太空城,音乐 奇幻
团圆两家亲,剧情 爱情
HD芭比之圣诞颂歌国语版,动画 家庭
HD掘火者原声版,剧情
莫斯科保卫战,剧情 战争
爱管闲事的人,剧情 喜剧 爱情
异形大战铁血战士预告片,动作 科幻 惊悚
HD幸存者原声版,真人秀
待嫁的堂妹,剧情 爱情
巴顿将军,剧情 传记 战争
GodV韦神  大富翁孙小伟  大富翁高德伟,喜剧
在草原等你,恐怖
因吵架引发上门告状风波,惊悚
HD情敌复仇战原声版,喜剧
芭比之梦想豪宅第一季,儿童
HD律政强人国语版,剧情 悬疑 犯罪
小鬼当家,喜剧
雪带来的礼物可爱巧虎岛,剧情 动画
异形大战铁血战士原声版,动作 科幻 惊悚
太空勇狗队,喜剧 动画 家庭 冒险
等你爱我,剧情 家庭
HD非自然死亡 第集,剧情 悬疑
艾米,纪录片 音乐 传记
美丽中国乡村行  怪里怪气的美食,纪录片
六指琴魔,动作 武侠 古装
HD沙滩仔与周师奶国语版,喜剧
HD发现精灵了可爱巧虎岛,剧情 动画
钢之炼金术师FA,剧情 动作 科幻 动画 冒险
HD龙珠超II,纪录片
疯狗警探,剧情 动作
生活麻辣烫 同学会,悬疑 惊悚 恐怖
巴瑞Ⅰ,喜剧
我是小宝贝合辑,动画
桂宝之爆笑闯宇宙国语版,喜剧 科幻 动画
腿部塑形训练,喜剧 家庭
又有新编号歼露面,剧情 爱情
老手艺,纪录片
大秦帝国之纵横,剧情 历史 古装
武则天秘史,传记 历史
HDMOMO小手WuLaLa,喜剧 爱情 同性
地道战,战争
皇家婚礼威廉王子和凯特王妃,剧情 爱情 传记
死亡笔记国语版,剧情 悬疑 惊悚 犯罪
看门狗,剧情 动作 科幻 犯罪
电影地心冒险：神秘岛美国,动作 科幻 冒险
变形金刚领袖之证第二季,动画
特殊身份国语版,动作 犯罪
检察官来访,剧情 悬疑
百战经典  解放战争经典战例成都追歼战,纪录片 历史
舞蹈丝路霓裳,音乐 歌舞 戏曲
四招培养想象力,悬疑 犯罪
无心法师,悬疑 奇幻
白蛇传 岳云鹏 孙越,剧情 儿童 古装
蚁哥正传原声版,喜剧 动画 家庭 冒险
地火 第集大结局,武侠
游戏大厅残酷的谎言,剧情 爱情 惊悚
豆腐味道三,纪录片
国际杀手的真实回忆录,喜剧 动作
第个前锋国语版,动作 动画
HD妖出长安第集,悬疑 古装
兜兜的世界上,剧情 奇幻
海绵宝宝 第八季,喜剧 动画 家庭
爱车具乐部,剧情 爱情
刘恺威造型奇葩搞笑,脱口秀
回看血迹天网法治,剧情 历史
HD天空的遇难船国语版,动作 动画 悬疑
大戏看北京真爱的谎言之破冰者,剧情 悬疑
逐梦奇迹,剧情
抢劫,动作 惊悚 犯罪
壮志凌云,剧情 动作 爱情
坐路车回家,剧情 家庭
一一向前冲,剧情 爱情
英超集锦R 配音版 超体,恐怖
巍巍兴安岭,剧情
HD天才与白痴国语版,喜剧
标清 你是我的眼 第集,剧情 喜剧
等一个人咖啡,喜剧 爱情
变鬼,剧情 喜剧 惊悚 恐怖
锋刃,剧情
憨豆先生动画系列,喜剧 动画
篮球公园,剧情 运动
虚拟现实战,动作 科幻
麻辣变形计new,剧情
HD楚乔传 第集,动作 科幻 冒险
昆塔因为所以,爱情
怪物公寓,动画
